Offense,Month,Attempted,Completed,Total
09A - Murder and Nonnegligent Manslaughter,Jan - 2019,,61,61
,Feb - 2019,,82,82
,Mar - 2019,,74,74
,Apr - 2019,,63,63
,May - 2019,,102,102
,Jun - 2019,,81,81
,Jul - 2019,,66,66
,Aug - 2019,,108,108
,Sep - 2019,,87,87
,Oct - 2019,,80,80
,Nov - 2019,,104,104
,Dec - 2019,,96,96
,Jan - 2020,,117,117
,Feb - 2020,,91,91
,Mar - 2020,,128,128
,Apr - 2020,,118,118
,May - 2020,,132,132
,Jun - 2020,,126,126
,Jul - 2020,,126,126
,Aug - 2020,,145,145
,Sep - 2020,,131,131
,Oct - 2020,,184,184
,Nov - 2020,,180,180
,Dec - 2020,,180,180
,Jan - 2021,,175,175
,Feb - 2021,,164,164
,Mar - 2021,,147,147
,Apr - 2021,,170,170
,May - 2021,,195,195
,Jun - 2021,,186,186
,Jul - 2021,,169,169
,Aug - 2021,,162,162
,Sep - 2021,,198,198
,Oct - 2021,,197,197
,Nov - 2021,,159,159
,Dec - 2021,,150,150
,Jan - 2022,,198,198
,Feb - 2022,,165,165
,Mar - 2022,,166,166
,Apr - 2022,,163,163
,May - 2022,,214,214
,Jun - 2022,,252,252
,Jul - 2022,,184,184
,Aug - 2022,,165,165
,Sep - 2022,,140,140
,Oct - 2022,,172,172
,Nov - 2022,,138,138
,Dec - 2022,,144,144
,Jan - 2023,,169,169
,Feb - 2023,,138,138
,Mar - 2023,,150,150
,Apr - 2023,,154,154
,May - 2023,,156,156
,Jun - 2023,,165,165
,Jul - 2023,,180,180
,Aug - 2023,,150,150
,Sep - 2023,,182,182
,Oct - 2023,,146,146
,Nov - 2023,,141,141
,Dec - 2023,,167,167
,Jan - 2024,,146,146
,Feb - 2024,,120,120
,Mar - 2024,,119,119
,Apr - 2024,,133,133
,May - 2024,,163,163
,Jun - 2024,,137,137
,Jul - 2024,,154,154
,Aug - 2024,,130,130
,Sep - 2024,,140,140
,Oct - 2024,,154,154
,Nov - 2024,,134,134
,Dec - 2024,,121,121
09B - Negligent Manslaughter,Jan - 2019,,8,8
,Feb - 2019,,6,6
,Mar - 2019,,6,6
,Apr - 2019,,3,3
,May - 2019,,7,7
,Jun - 2019,,7,7
,Jul - 2019,,5,5
,Aug - 2019,,4,4
,Sep - 2019,,3,3
,Oct - 2019,,7,7
,Nov - 2019,,14,14
,Dec - 2019,,1,1
,Jan - 2020,,8,8
,Feb - 2020,,13,13
,Mar - 2020,,11,11
,Apr - 2020,,11,11
,May - 2020,,16,16
,Jun - 2020,,23,23
,Jul - 2020,,17,17
,Aug - 2020,,22,22
,Sep - 2020,,12,12
,Oct - 2020,,11,11
,Nov - 2020,,18,18
,Dec - 2020,,20,20
,Jan - 2021,,32,32
,Feb - 2021,,13,13
,Mar - 2021,,20,20
,Apr - 2021,,29,29
,May - 2021,,20,20
,Jun - 2021,,29,29
,Jul - 2021,,28,28
,Aug - 2021,,23,23
,Sep - 2021,,24,24
,Oct - 2021,,23,23
,Nov - 2021,,16,16
,Dec - 2021,,25,25
,Jan - 2022,,34,34
,Feb - 2022,,16,16
,Mar - 2022,,18,18
,Apr - 2022,,18,18
,May - 2022,,29,29
,Jun - 2022,,23,23
,Jul - 2022,,27,27
,Aug - 2022,,28,28
,Sep - 2022,,29,29
,Oct - 2022,,23,23
,Nov - 2022,,17,17
,Dec - 2022,,17,17
,Jan - 2023,,18,18
,Feb - 2023,,8,8
,Mar - 2023,,23,23
,Apr - 2023,,19,19
,May - 2023,,21,21
,Jun - 2023,,11,11
,Jul - 2023,,26,26
,Aug - 2023,,18,18
,Sep - 2023,,19,19
,Oct - 2023,,18,18
,Nov - 2023,,18,18
,Dec - 2023,,21,21
,Jan - 2024,,12,12
,Feb - 2024,,14,14
,Mar - 2024,,21,21
,Apr - 2024,,20,20
,May - 2024,,13,13
,Jun - 2024,,22,22
,Jul - 2024,,17,17
,Aug - 2024,,27,27
,Sep - 2024,,21,21
,Oct - 2024,,29,29
,Nov - 2024,,22,22
,Dec - 2024,,9,9
09C - Justifiable Homicide,Jan - 2019,,5,5
,Feb - 2019,,3,3
,Mar - 2019,,,0
,Apr - 2019,,4,4
,May - 2019,,5,5
,Jun - 2019,,1,1
,Jul - 2019,,8,8
,Aug - 2019,,,0
,Sep - 2019,,2,2
,Oct - 2019,,4,4
,Nov - 2019,,4,4
,Dec - 2019,,3,3
,Jan - 2020,,2,2
,Feb - 2020,,6,6
,Mar - 2020,,3,3
,Apr - 2020,,4,4
,May - 2020,,4,4
,Jun - 2020,,7,7
,Jul - 2020,,1,1
,Aug - 2020,,6,6
,Sep - 2020,,2,2
,Oct - 2020,,4,4
,Nov - 2020,,5,5
,Dec - 2020,,2,2
,Jan - 2021,,7,7
,Feb - 2021,,4,4
,Mar - 2021,,5,5
,Apr - 2021,,6,6
,May - 2021,,5,5
,Jun - 2021,,9,9
,Jul - 2021,,4,4
,Aug - 2021,,11,11
,Sep - 2021,,9,9
,Oct - 2021,,7,7
,Nov - 2021,,4,4
,Dec - 2021,,7,7
,Jan - 2022,,9,9
,Feb - 2022,,8,8
,Mar - 2022,,3,3
,Apr - 2022,,5,5
,May - 2022,,6,6
,Jun - 2022,,3,3
,Jul - 2022,,11,11
,Aug - 2022,,10,10
,Sep - 2022,,10,10
,Oct - 2022,,4,4
,Nov - 2022,,8,8
,Dec - 2022,,6,6
,Jan - 2023,,10,10
,Feb - 2023,,9,9
,Mar - 2023,,11,11
,Apr - 2023,,8,8
,May - 2023,,9,9
,Jun - 2023,,2,2
,Jul - 2023,,12,12
,Aug - 2023,,12,12
,Sep - 2023,,5,5
,Oct - 2023,,7,7
,Nov - 2023,,7,7
,Dec - 2023,,12,12
,Jan - 2024,,11,11
,Feb - 2024,,11,11
,Mar - 2024,,13,13
,Apr - 2024,,11,11
,May - 2024,,17,17
,Jun - 2024,,9,9
,Jul - 2024,,10,10
,Aug - 2024,,10,10
,Sep - 2024,,9,9
,Oct - 2024,,11,11
,Nov - 2024,,6,6
,Dec - 2024,,7,7
100 - Kidnapping/Abduction,Jan - 2019,6,133,139
,Feb - 2019,5,126,131
,Mar - 2019,8,137,145
,Apr - 2019,9,143,152
,May - 2019,6,178,184
,Jun - 2019,14,156,170
,Jul - 2019,7,174,181
,Aug - 2019,15,188,203
,Sep - 2019,14,167,181
,Oct - 2019,15,164,179
,Nov - 2019,22,132,154
,Dec - 2019,10,172,182
,Jan - 2020,20,167,187
,Feb - 2020,11,199,210
,Mar - 2020,9,184,193
,Apr - 2020,10,170,180
,May - 2020,19,199,218
,Jun - 2020,6,197,203
,Jul - 2020,9,241,250
,Aug - 2020,17,274,291
,Sep - 2020,14,278,292
,Oct - 2020,14,248,262
,Nov - 2020,12,237,249
,Dec - 2020,19,263,282
,Jan - 2021,9,229,238
,Feb - 2021,4,200,204
,Mar - 2021,22,276,298
,Apr - 2021,16,261,277
,May - 2021,15,265,280
,Jun - 2021,19,255,274
,Jul - 2021,10,263,273
,Aug - 2021,15,282,297
,Sep - 2021,13,244,257
,Oct - 2021,20,221,241
,Nov - 2021,17,206,223
,Dec - 2021,19,253,272
,Jan - 2022,12,223,235
,Feb - 2022,16,216,232
,Mar - 2022,14,250,264
,Apr - 2022,17,290,307
,May - 2022,22,285,307
,Jun - 2022,12,314,326
,Jul - 2022,24,279,303
,Aug - 2022,29,282,311
,Sep - 2022,21,275,296
,Oct - 2022,28,288,316
,Nov - 2022,15,281,296
,Dec - 2022,35,265,300
,Jan - 2023,14,270,284
,Feb - 2023,19,250,269
,Mar - 2023,30,317,347
,Apr - 2023,26,272,298
,May - 2023,20,350,370
,Jun - 2023,10,289,299
,Jul - 2023,19,312,331
,Aug - 2023,18,299,317
,Sep - 2023,19,296,315
,Oct - 2023,24,269,293
,Nov - 2023,8,301,309
,Dec - 2023,9,268,277
,Jan - 2024,13,250,263
,Feb - 2024,11,274,285
,Mar - 2024,13,287,300
,Apr - 2024,18,269,287
,May - 2024,20,343,363
,Jun - 2024,29,317,346
,Jul - 2024,17,350,367
,Aug - 2024,20,367,387
,Sep - 2024,14,325,339
,Oct - 2024,19,316,335
,Nov - 2024,28,327,355
,Dec - 2024,16,278,294
11A - Rape,Jan - 2019,11,565,576
,Feb - 2019,7,464,471
,Mar - 2019,25,481,506
,Apr - 2019,19,527,546
,May - 2019,18,563,581
,Jun - 2019,16,556,572
,Jul - 2019,15,554,569
,Aug - 2019,19,627,646
,Sep - 2019,19,644,663
,Oct - 2019,16,605,621
,Nov - 2019,17,617,634
,Dec - 2019,19,534,553
,Jan - 2020,18,784,802
,Feb - 2020,18,680,698
,Mar - 2020,18,676,694
,Apr - 2020,21,550,571
,May - 2020,21,721,742
,Jun - 2020,23,721,744
,Jul - 2020,22,696,718
,Aug - 2020,21,763,784
,Sep - 2020,37,773,810
,Oct - 2020,20,765,785
,Nov - 2020,23,854,877
,Dec - 2020,23,789,812
,Jan - 2021,24,"1,089","1,113"
,Feb - 2021,24,830,854
,Mar - 2021,25,"1,086","1,111"
,Apr - 2021,25,995,"1,020"
,May - 2021,33,"1,035","1,068"
,Jun - 2021,19,"1,045","1,064"
,Jul - 2021,28,984,"1,012"
,Aug - 2021,24,"1,001","1,025"
,Sep - 2021,24,"1,018","1,042"
,Oct - 2021,41,"1,102","1,143"
,Nov - 2021,19,935,954
,Dec - 2021,26,914,940
,Jan - 2022,19,"1,081","1,100"
,Feb - 2022,27,852,879
,Mar - 2022,21,"1,020","1,041"
,Apr - 2022,21,"1,006","1,027"
,May - 2022,31,"1,081","1,112"
,Jun - 2022,27,"1,044","1,071"
,Jul - 2022,17,"1,008","1,025"
,Aug - 2022,27,998,"1,025"
,Sep - 2022,24,"1,001","1,025"
,Oct - 2022,27,960,987
,Nov - 2022,19,828,847
,Dec - 2022,23,892,915
,Jan - 2023,19,"1,045","1,064"
,Feb - 2023,25,873,898
,Mar - 2023,37,"1,022","1,059"
,Apr - 2023,18,998,"1,016"
,May - 2023,34,"1,009","1,043"
,Jun - 2023,25,"1,056","1,081"
,Jul - 2023,37,981,"1,018"
,Aug - 2023,36,985,"1,021"
,Sep - 2023,25,929,954
,Oct - 2023,25,993,"1,018"
,Nov - 2023,14,840,854
,Dec - 2023,30,852,882
,Jan - 2024,24,973,997
,Feb - 2024,22,899,921
,Mar - 2024,23,977,"1,000"
,Apr - 2024,30,"1,011","1,041"
,May - 2024,25,"1,053","1,078"
,Jun - 2024,36,"1,049","1,085"
,Jul - 2024,28,"1,082","1,110"
,Aug - 2024,36,"1,001","1,037"
,Sep - 2024,24,"1,055","1,079"
,Oct - 2024,27,"1,072","1,099"
,Nov - 2024,36,967,"1,003"
,Dec - 2024,27,897,924
11B - Sodomy,Jan - 2019,6,147,153
,Feb - 2019,7,122,129
,Mar - 2019,5,106,111
,Apr - 2019,5,119,124
,May - 2019,5,128,133
,Jun - 2019,5,143,148
,Jul - 2019,6,122,128
,Aug - 2019,7,134,141
,Sep - 2019,9,154,163
,Oct - 2019,1,138,139
,Nov - 2019,3,158,161
,Dec - 2019,4,140,144
,Jan - 2020,8,190,198
,Feb - 2020,,148,148
,Mar - 2020,6,175,181
,Apr - 2020,5,136,141
,May - 2020,3,156,159
,Jun - 2020,6,169,175
,Jul - 2020,2,167,169
,Aug - 2020,1,200,201
,Sep - 2020,5,173,178
,Oct - 2020,4,196,200
,Nov - 2020,1,169,170
,Dec - 2020,7,190,197
,Jan - 2021,5,260,265
,Feb - 2021,5,199,204
,Mar - 2021,6,289,295
,Apr - 2021,6,279,285
,May - 2021,7,242,249
,Jun - 2021,4,252,256
,Jul - 2021,7,227,234
,Aug - 2021,4,248,252
,Sep - 2021,6,262,268
,Oct - 2021,7,274,281
,Nov - 2021,4,266,270
,Dec - 2021,2,252,254
,Jan - 2022,7,270,277
,Feb - 2022,6,228,234
,Mar - 2022,3,253,256
,Apr - 2022,2,229,231
,May - 2022,7,247,254
,Jun - 2022,4,245,249
,Jul - 2022,2,245,247
,Aug - 2022,6,217,223
,Sep - 2022,8,238,246
,Oct - 2022,8,233,241
,Nov - 2022,3,190,193
,Dec - 2022,4,214,218
,Jan - 2023,8,261,269
,Feb - 2023,8,199,207
,Mar - 2023,6,259,265
,Apr - 2023,2,198,200
,May - 2023,7,258,265
,Jun - 2023,6,239,245
,Jul - 2023,4,249,253
,Aug - 2023,6,287,293
,Sep - 2023,6,244,250
,Oct - 2023,8,269,277
,Nov - 2023,6,226,232
,Dec - 2023,11,258,269
,Jan - 2024,4,308,312
,Feb - 2024,5,256,261
,Mar - 2024,7,260,267
,Apr - 2024,10,275,285
,May - 2024,9,298,307
,Jun - 2024,10,288,298
,Jul - 2024,5,247,252
,Aug - 2024,9,309,318
,Sep - 2024,9,261,270
,Oct - 2024,6,268,274
,Nov - 2024,7,230,237
,Dec - 2024,9,215,224
11C - Sexual Assault with an Object,Jan - 2019,,57,57
,Feb - 2019,1,44,45
,Mar - 2019,1,51,52
,Apr - 2019,,66,66
,May - 2019,1,50,51
,Jun - 2019,,85,85
,Jul - 2019,2,62,64
,Aug - 2019,3,68,71
,Sep - 2019,2,53,55
,Oct - 2019,,58,58
,Nov - 2019,2,53,55
,Dec - 2019,4,54,58
,Jan - 2020,3,77,80
,Feb - 2020,2,74,76
,Mar - 2020,2,70,72
,Apr - 2020,1,68,69
,May - 2020,,87,87
,Jun - 2020,4,86,90
,Jul - 2020,1,83,84
,Aug - 2020,3,77,80
,Sep - 2020,,82,82
,Oct - 2020,,91,91
,Nov - 2020,1,95,96
,Dec - 2020,1,83,84
,Jan - 2021,,139,139
,Feb - 2021,2,99,101
,Mar - 2021,3,134,137
,Apr - 2021,2,101,103
,May - 2021,,142,142
,Jun - 2021,,104,104
,Jul - 2021,1,149,150
,Aug - 2021,2,128,130
,Sep - 2021,2,122,124
,Oct - 2021,1,134,135
,Nov - 2021,2,124,126
,Dec - 2021,1,114,115
,Jan - 2022,3,134,137
,Feb - 2022,5,117,122
,Mar - 2022,2,129,131
,Apr - 2022,4,104,108
,May - 2022,1,133,134
,Jun - 2022,3,112,115
,Jul - 2022,3,157,160
,Aug - 2022,4,115,119
,Sep - 2022,1,149,150
,Oct - 2022,1,136,137
,Nov - 2022,1,118,119
,Dec - 2022,6,129,135
,Jan - 2023,,142,142
,Feb - 2023,2,137,139
,Mar - 2023,,137,137
,Apr - 2023,3,117,120
,May - 2023,4,131,135
,Jun - 2023,3,125,128
,Jul - 2023,1,116,117
,Aug - 2023,3,142,145
,Sep - 2023,1,124,125
,Oct - 2023,6,112,118
,Nov - 2023,1,102,103
,Dec - 2023,2,91,93
,Jan - 2024,,136,136
,Feb - 2024,5,95,100
,Mar - 2024,1,104,105
,Apr - 2024,5,116,121
,May - 2024,1,108,109
,Jun - 2024,,89,89
,Jul - 2024,4,86,90
,Aug - 2024,5,99,104
,Sep - 2024,2,89,91
,Oct - 2024,1,85,86
,Nov - 2024,6,80,86
,Dec - 2024,4,82,86
11D - Fondling,Jan - 2019,5,418,423
,Feb - 2019,4,264,268
,Mar - 2019,9,281,290
,Apr - 2019,2,323,325
,May - 2019,5,329,334
,Jun - 2019,7,355,362
,Jul - 2019,11,322,333
,Aug - 2019,10,325,335
,Sep - 2019,8,351,359
,Oct - 2019,8,391,399
,Nov - 2019,7,375,382
,Dec - 2019,3,345,348
,Jan - 2020,15,528,543
,Feb - 2020,10,375,385
,Mar - 2020,8,432,440
,Apr - 2020,6,278,284
,May - 2020,6,382,388
,Jun - 2020,10,435,445
,Jul - 2020,7,412,419
,Aug - 2020,11,427,438
,Sep - 2020,9,417,426
,Oct - 2020,12,490,502
,Nov - 2020,11,466,477
,Dec - 2020,9,489,498
,Jan - 2021,9,747,756
,Feb - 2021,11,588,599
,Mar - 2021,15,724,739
,Apr - 2021,14,735,749
,May - 2021,13,748,761
,Jun - 2021,11,746,757
,Jul - 2021,17,738,755
,Aug - 2021,9,681,690
,Sep - 2021,16,733,749
,Oct - 2021,15,780,795
,Nov - 2021,6,686,692
,Dec - 2021,10,697,707
,Jan - 2022,18,700,718
,Feb - 2022,10,652,662
,Mar - 2022,23,719,742
,Apr - 2022,13,770,783
,May - 2022,17,807,824
,Jun - 2022,8,730,738
,Jul - 2022,5,646,651
,Aug - 2022,10,727,737
,Sep - 2022,17,718,735
,Oct - 2022,16,739,755
,Nov - 2022,9,622,631
,Dec - 2022,7,641,648
,Jan - 2023,10,716,726
,Feb - 2023,13,689,702
,Mar - 2023,19,693,712
,Apr - 2023,14,730,744
,May - 2023,19,700,719
,Jun - 2023,10,620,630
,Jul - 2023,13,663,676
,Aug - 2023,15,614,629
,Sep - 2023,13,626,639
,Oct - 2023,15,614,629
,Nov - 2023,13,592,605
,Dec - 2023,9,497,506
,Jan - 2024,17,656,673
,Feb - 2024,10,622,632
,Mar - 2024,8,652,660
,Apr - 2024,15,652,667
,May - 2024,10,625,635
,Jun - 2024,13,532,545
,Jul - 2024,10,565,575
,Aug - 2024,13,570,583
,Sep - 2024,25,563,588
,Oct - 2024,20,617,637
,Nov - 2024,20,561,581
,Dec - 2024,17,516,533
120 - Robbery,Jan - 2019,163,"1,555","1,718"
,Feb - 2019,142,"1,206","1,348"
,Mar - 2019,141,"1,362","1,503"
,Apr - 2019,147,"1,460","1,607"
,May - 2019,146,"1,742","1,888"
,Jun - 2019,165,"1,606","1,771"
,Jul - 2019,148,"1,821","1,969"
,Aug - 2019,154,"1,776","1,930"
,Sep - 2019,137,"1,686","1,823"
,Oct - 2019,160,"1,681","1,841"
,Nov - 2019,154,"1,718","1,872"
,Dec - 2019,189,"1,845","2,034"
,Jan - 2020,150,"1,915","2,065"
,Feb - 2020,166,"1,765","1,931"
,Mar - 2020,174,"1,711","1,885"
,Apr - 2020,146,"1,435","1,581"
,May - 2020,160,"1,636","1,796"
,Jun - 2020,154,"1,760","1,914"
,Jul - 2020,166,"1,701","1,867"
,Aug - 2020,153,"1,762","1,915"
,Sep - 2020,150,"1,670","1,820"
,Oct - 2020,168,"1,937","2,105"
,Nov - 2020,185,"2,117","2,302"
,Dec - 2020,182,"2,266","2,448"
,Jan - 2021,183,"2,114","2,297"
,Feb - 2021,150,"1,586","1,736"
,Mar - 2021,155,"1,546","1,701"
,Apr - 2021,151,"1,552","1,703"
,May - 2021,169,"1,862","2,031"
,Jun - 2021,152,"1,619","1,771"
,Jul - 2021,170,"1,774","1,944"
,Aug - 2021,170,"1,734","1,904"
,Sep - 2021,159,"1,683","1,842"
,Oct - 2021,170,"1,717","1,887"
,Nov - 2021,190,"1,606","1,796"
,Dec - 2021,191,"1,806","1,997"
,Jan - 2022,164,"1,601","1,765"
,Feb - 2022,150,"1,414","1,564"
,Mar - 2022,153,"1,597","1,750"
,Apr - 2022,149,"1,683","1,832"
,May - 2022,180,"1,846","2,026"
,Jun - 2022,162,"1,768","1,930"
,Jul - 2022,180,"1,710","1,890"
,Aug - 2022,166,"1,676","1,842"
,Sep - 2022,165,"1,532","1,697"
,Oct - 2022,157,"1,601","1,758"
,Nov - 2022,150,"1,433","1,583"
,Dec - 2022,148,"1,579","1,727"
,Jan - 2023,175,"1,549","1,724"
,Feb - 2023,131,"1,465","1,596"
,Mar - 2023,161,"1,626","1,787"
,Apr - 2023,172,"1,585","1,757"
,May - 2023,152,"1,703","1,855"
,Jun - 2023,133,"1,599","1,732"
,Jul - 2023,187,"1,692","1,879"
,Aug - 2023,168,"1,547","1,715"
,Sep - 2023,201,"1,609","1,810"
,Oct - 2023,183,"1,607","1,790"
,Nov - 2023,176,"1,600","1,776"
,Dec - 2023,180,"1,622","1,802"
,Jan - 2024,174,"1,588","1,762"
,Feb - 2024,134,"1,360","1,494"
,Mar - 2024,158,"1,480","1,638"
,Apr - 2024,190,"1,578","1,768"
,May - 2024,176,"1,625","1,801"
,Jun - 2024,143,"1,527","1,670"
,Jul - 2024,155,"1,453","1,608"
,Aug - 2024,178,"1,481","1,659"
,Sep - 2024,136,"1,481","1,617"
,Oct - 2024,176,"1,503","1,679"
,Nov - 2024,173,"1,474","1,647"
,Dec - 2024,158,"1,495","1,653"
13A - Aggravated Assault,Jan - 2019,,"3,347","3,347"
,Feb - 2019,,"2,997","2,997"
,Mar - 2019,,"3,838","3,838"
,Apr - 2019,,"3,706","3,706"
,May - 2019,,"4,375","4,375"
,Jun - 2019,,"4,196","4,196"
,Jul - 2019,,"4,395","4,395"
,Aug - 2019,,"4,511","4,511"
,Sep - 2019,,"4,948","4,948"
,Oct - 2019,,"4,514","4,514"
,Nov - 2019,,"4,375","4,375"
,Dec - 2019,,"4,357","4,357"
,Jan - 2020,,"4,452","4,452"
,Feb - 2020,,"4,416","4,416"
,Mar - 2020,,"5,452","5,452"
,Apr - 2020,,"5,503","5,503"
,May - 2020,,"6,559","6,559"
,Jun - 2020,,"6,408","6,408"
,Jul - 2020,,"6,728","6,728"
,Aug - 2020,,"7,104","7,104"
,Sep - 2020,,"6,141","6,141"
,Oct - 2020,,"6,845","6,845"
,Nov - 2020,,"7,087","7,087"
,Dec - 2020,,"6,955","6,955"
,Jan - 2021,,"7,334","7,334"
,Feb - 2021,,"6,308","6,308"
,Mar - 2021,,"7,186","7,186"
,Apr - 2021,,"7,779","7,779"
,May - 2021,,"8,448","8,448"
,Jun - 2021,,"8,340","8,340"
,Jul - 2021,,"8,569","8,569"
,Aug - 2021,,"8,248","8,248"
,Sep - 2021,,"7,550","7,550"
,Oct - 2021,,"8,014","8,014"
,Nov - 2021,,"7,158","7,158"
,Dec - 2021,,"7,626","7,626"
,Jan - 2022,,"7,358","7,358"
,Feb - 2022,,"6,664","6,664"
,Mar - 2022,,"7,861","7,861"
,Apr - 2022,,"8,238","8,238"
,May - 2022,,"8,910","8,910"
,Jun - 2022,,"7,922","7,922"
,Jul - 2022,,"8,349","8,349"
,Aug - 2022,,"7,852","7,852"
,Sep - 2022,,"7,611","7,611"
,Oct - 2022,,"7,642","7,642"
,Nov - 2022,,"6,803","6,803"
,Dec - 2022,,"7,174","7,174"
,Jan - 2023,,"7,362","7,362"
,Feb - 2023,,"6,441","6,441"
,Mar - 2023,,"7,585","7,585"
,Apr - 2023,,"7,586","7,586"
,May - 2023,,"7,786","7,786"
,Jun - 2023,,"7,461","7,461"
,Jul - 2023,,"7,775","7,775"
,Aug - 2023,,"7,389","7,389"
,Sep - 2023,,"7,221","7,221"
,Oct - 2023,,"7,115","7,115"
,Nov - 2023,,"6,489","6,489"
,Dec - 2023,,"7,053","7,053"
,Jan - 2024,,"6,213","6,213"
,Feb - 2024,,"6,207","6,207"
,Mar - 2024,,"7,283","7,283"
,Apr - 2024,,"7,514","7,514"
,May - 2024,,"8,157","8,157"
,Jun - 2024,,"7,989","7,989"
,Jul - 2024,,"7,585","7,585"
,Aug - 2024,,"7,421","7,421"
,Sep - 2024,,"6,998","6,998"
,Oct - 2024,,"7,441","7,441"
,Nov - 2024,,"6,418","6,418"
,Dec - 2024,,"6,635","6,635"
13B - Simple Assault,Jan - 2019,,"11,082","11,082"
,Feb - 2019,,"10,514","10,514"
,Mar - 2019,,"12,097","12,097"
,Apr - 2019,,"12,807","12,807"
,May - 2019,,"13,907","13,907"
,Jun - 2019,,"13,026","13,026"
,Jul - 2019,,"13,657","13,657"
,Aug - 2019,,"14,358","14,358"
,Sep - 2019,,"15,570","15,570"
,Oct - 2019,,"15,251","15,251"
,Nov - 2019,,"14,170","14,170"
,Dec - 2019,,"14,096","14,096"
,Jan - 2020,,"14,587","14,587"
,Feb - 2020,,"15,481","15,481"
,Mar - 2020,,"17,176","17,176"
,Apr - 2020,,"15,329","15,329"
,May - 2020,,"18,176","18,176"
,Jun - 2020,,"17,354","17,354"
,Jul - 2020,,"17,134","17,134"
,Aug - 2020,,"18,807","18,807"
,Sep - 2020,,"17,282","17,282"
,Oct - 2020,,"18,143","18,143"
,Nov - 2020,,"19,397","19,397"
,Dec - 2020,,"19,111","19,111"
,Jan - 2021,,"20,376","20,376"
,Feb - 2021,,"18,761","18,761"
,Mar - 2021,,"21,421","21,421"
,Apr - 2021,,"21,966","21,966"
,May - 2021,,"24,598","24,598"
,Jun - 2021,,"22,451","22,451"
,Jul - 2021,,"22,871","22,871"
,Aug - 2021,,"23,342","23,342"
,Sep - 2021,,"23,986","23,986"
,Oct - 2021,,"24,969","24,969"
,Nov - 2021,,"22,000","22,000"
,Dec - 2021,,"22,473","22,473"
,Jan - 2022,,"21,166","21,166"
,Feb - 2022,,"19,923","19,923"
,Mar - 2022,,"23,179","23,179"
,Apr - 2022,,"24,800","24,800"
,May - 2022,,"26,196","26,196"
,Jun - 2022,,"22,356","22,356"
,Jul - 2022,,"23,197","23,197"
,Aug - 2022,,"22,813","22,813"
,Sep - 2022,,"24,139","24,139"
,Oct - 2022,,"24,074","24,074"
,Nov - 2022,,"20,789","20,789"
,Dec - 2022,,"21,495","21,495"
,Jan - 2023,,"21,902","21,902"
,Feb - 2023,,"20,755","20,755"
,Mar - 2023,,"22,926","22,926"
,Apr - 2023,,"24,044","24,044"
,May - 2023,,"25,289","25,289"
,Jun - 2023,,"22,422","22,422"
,Jul - 2023,,"23,585","23,585"
,Aug - 2023,,"23,201","23,201"
,Sep - 2023,,"24,512","24,512"
,Oct - 2023,,"24,153","24,153"
,Nov - 2023,,"22,205","22,205"
,Dec - 2023,,"22,528","22,528"
,Jan - 2024,,"21,994","21,994"
,Feb - 2024,,"22,394","22,394"
,Mar - 2024,,"23,561","23,561"
,Apr - 2024,,"24,983","24,983"
,May - 2024,,"26,396","26,396"
,Jun - 2024,,"23,047","23,047"
,Jul - 2024,,"22,819","22,819"
,Aug - 2024,,"24,282","24,282"
,Sep - 2024,,"24,761","24,761"
,Oct - 2024,,"25,068","25,068"
,Nov - 2024,,"23,017","23,017"
,Dec - 2024,,"22,441","22,441"
13C - Intimidation,Jan - 2019,,"3,116","3,116"
,Feb - 2019,,"3,059","3,059"
,Mar - 2019,,"3,237","3,237"
,Apr - 2019,,"3,572","3,572"
,May - 2019,,"3,694","3,694"
,Jun - 2019,,"3,361","3,361"
,Jul - 2019,,"3,513","3,513"
,Aug - 2019,,"3,973","3,973"
,Sep - 2019,,"4,073","4,073"
,Oct - 2019,,"3,976","3,976"
,Nov - 2019,,"3,781","3,781"
,Dec - 2019,,"3,880","3,880"
,Jan - 2020,,"4,239","4,239"
,Feb - 2020,,"4,179","4,179"
,Mar - 2020,,"4,429","4,429"
,Apr - 2020,,"4,504","4,504"
,May - 2020,,"5,310","5,310"
,Jun - 2020,,"5,355","5,355"
,Jul - 2020,,"5,351","5,351"
,Aug - 2020,,"5,328","5,328"
,Sep - 2020,,"5,184","5,184"
,Oct - 2020,,"5,367","5,367"
,Nov - 2020,,"5,414","5,414"
,Dec - 2020,,"5,593","5,593"
,Jan - 2021,,"5,781","5,781"
,Feb - 2021,,"5,304","5,304"
,Mar - 2021,,"6,437","6,437"
,Apr - 2021,,"6,478","6,478"
,May - 2021,,"7,024","7,024"
,Jun - 2021,,"6,652","6,652"
,Jul - 2021,,"6,425","6,425"
,Aug - 2021,,"6,698","6,698"
,Sep - 2021,,"6,986","6,986"
,Oct - 2021,,"6,961","6,961"
,Nov - 2021,,"6,081","6,081"
,Dec - 2021,,"6,781","6,781"
,Jan - 2022,,"6,072","6,072"
,Feb - 2022,,"5,469","5,469"
,Mar - 2022,,"6,555","6,555"
,Apr - 2022,,"6,427","6,427"
,May - 2022,,"6,952","6,952"
,Jun - 2022,,"6,652","6,652"
,Jul - 2022,,"6,170","6,170"
,Aug - 2022,,"6,690","6,690"
,Sep - 2022,,"6,761","6,761"
,Oct - 2022,,"6,647","6,647"
,Nov - 2022,,"5,802","5,802"
,Dec - 2022,,"5,705","5,705"
,Jan - 2023,,"6,197","6,197"
,Feb - 2023,,"5,836","5,836"
,Mar - 2023,,"6,669","6,669"
,Apr - 2023,,"6,724","6,724"
,May - 2023,,"7,245","7,245"
,Jun - 2023,,"6,334","6,334"
,Jul - 2023,,"6,302","6,302"
,Aug - 2023,,"6,935","6,935"
,Sep - 2023,,"6,736","6,736"
,Oct - 2023,,"6,779","6,779"
,Nov - 2023,,"6,139","6,139"
,Dec - 2023,,"6,015","6,015"
,Jan - 2024,,"6,263","6,263"
,Feb - 2024,,"6,499","6,499"
,Mar - 2024,,"6,651","6,651"
,Apr - 2024,,"7,172","7,172"
,May - 2024,,"7,536","7,536"
,Jun - 2024,,"6,511","6,511"
,Jul - 2024,,"6,718","6,718"
,Aug - 2024,,"7,151","7,151"
,Sep - 2024,,"8,043","8,043"
,Oct - 2024,,"7,558","7,558"
,Nov - 2024,,"6,519","6,519"
,Dec - 2024,,"6,175","6,175"
200 - Arson,Jan - 2019,7,109,116
,Feb - 2019,6,114,120
,Mar - 2019,3,110,113
,Apr - 2019,7,123,130
,May - 2019,8,101,109
,Jun - 2019,4,139,143
,Jul - 2019,6,154,160
,Aug - 2019,6,138,144
,Sep - 2019,6,122,128
,Oct - 2019,4,132,136
,Nov - 2019,9,136,145
,Dec - 2019,5,150,155
,Jan - 2020,6,139,145
,Feb - 2020,6,198,204
,Mar - 2020,8,169,177
,Apr - 2020,10,191,201
,May - 2020,7,210,217
,Jun - 2020,10,187,197
,Jul - 2020,14,201,215
,Aug - 2020,4,213,217
,Sep - 2020,8,196,204
,Oct - 2020,11,229,240
,Nov - 2020,7,222,229
,Dec - 2020,8,197,205
,Jan - 2021,6,238,244
,Feb - 2021,10,201,211
,Mar - 2021,11,270,281
,Apr - 2021,11,274,285
,May - 2021,13,201,214
,Jun - 2021,11,225,236
,Jul - 2021,10,235,245
,Aug - 2021,9,230,239
,Sep - 2021,7,251,258
,Oct - 2021,4,225,229
,Nov - 2021,8,225,233
,Dec - 2021,16,280,296
,Jan - 2022,9,299,308
,Feb - 2022,6,247,253
,Mar - 2022,9,288,297
,Apr - 2022,9,225,234
,May - 2022,9,258,267
,Jun - 2022,8,218,226
,Jul - 2022,7,228,235
,Aug - 2022,8,216,224
,Sep - 2022,7,241,248
,Oct - 2022,4,237,241
,Nov - 2022,6,181,187
,Dec - 2022,6,218,224
,Jan - 2023,6,266,272
,Feb - 2023,11,191,202
,Mar - 2023,9,239,248
,Apr - 2023,5,216,221
,May - 2023,15,220,235
,Jun - 2023,6,177,183
,Jul - 2023,8,224,232
,Aug - 2023,8,218,226
,Sep - 2023,7,193,200
,Oct - 2023,5,209,214
,Nov - 2023,4,159,163
,Dec - 2023,12,260,272
,Jan - 2024,9,251,260
,Feb - 2024,9,253,262
,Mar - 2024,9,233,242
,Apr - 2024,3,254,257
,May - 2024,10,230,240
,Jun - 2024,8,173,181
,Jul - 2024,8,212,220
,Aug - 2024,8,199,207
,Sep - 2024,9,208,217
,Oct - 2024,11,233,244
,Nov - 2024,5,231,236
,Dec - 2024,9,219,228
210 - Extortion/Blackmail,Jan - 2019,14,12,26
,Feb - 2019,6,21,27
,Mar - 2019,13,25,38
,Apr - 2019,17,22,39
,May - 2019,21,18,39
,Jun - 2019,12,18,30
,Jul - 2019,25,13,38
,Aug - 2019,17,17,34
,Sep - 2019,22,16,38
,Oct - 2019,16,20,36
,Nov - 2019,9,20,29
,Dec - 2019,6,12,18
,Jan - 2020,14,19,33
,Feb - 2020,16,12,28
,Mar - 2020,16,23,39
,Apr - 2020,33,38,71
,May - 2020,22,31,53
,Jun - 2020,24,21,45
,Jul - 2020,24,32,56
,Aug - 2020,19,26,45
,Sep - 2020,27,33,60
,Oct - 2020,18,18,36
,Nov - 2020,37,22,59
,Dec - 2020,26,34,60
,Jan - 2021,25,42,67
,Feb - 2021,22,35,57
,Mar - 2021,42,34,76
,Apr - 2021,31,28,59
,May - 2021,25,41,66
,Jun - 2021,35,37,72
,Jul - 2021,30,33,63
,Aug - 2021,35,34,69
,Sep - 2021,27,29,56
,Oct - 2021,36,32,68
,Nov - 2021,27,43,70
,Dec - 2021,36,40,76
,Jan - 2022,26,43,69
,Feb - 2022,38,42,80
,Mar - 2022,47,46,93
,Apr - 2022,44,54,98
,May - 2022,26,44,70
,Jun - 2022,47,49,96
,Jul - 2022,44,58,102
,Aug - 2022,39,78,117
,Sep - 2022,44,63,107
,Oct - 2022,48,64,112
,Nov - 2022,40,56,96
,Dec - 2022,42,66,108
,Jan - 2023,68,74,142
,Feb - 2023,56,63,119
,Mar - 2023,60,78,138
,Apr - 2023,57,68,125
,May - 2023,66,83,149
,Jun - 2023,49,77,126
,Jul - 2023,56,80,136
,Aug - 2023,78,55,133
,Sep - 2023,70,65,135
,Oct - 2023,58,77,135
,Nov - 2023,43,55,98
,Dec - 2023,32,45,77
,Jan - 2024,43,53,96
,Feb - 2024,47,46,93
,Mar - 2024,52,60,112
,Apr - 2024,78,62,140
,May - 2024,52,89,141
,Jun - 2024,51,63,114
,Jul - 2024,41,73,114
,Aug - 2024,62,65,127
,Sep - 2024,126,78,204
,Oct - 2024,78,78,156
,Nov - 2024,55,56,111
,Dec - 2024,51,54,105
220 - Burglary/Breaking and Entering,Jan - 2019,416,"4,682","5,098"
,Feb - 2019,306,"4,260","4,566"
,Mar - 2019,375,"4,690","5,065"
,Apr - 2019,305,"5,092","5,397"
,May - 2019,403,"5,753","6,156"
,Jun - 2019,373,"5,411","5,784"
,Jul - 2019,416,"5,830","6,246"
,Aug - 2019,423,"5,497","5,920"
,Sep - 2019,364,"5,836","6,200"
,Oct - 2019,424,"5,855","6,279"
,Nov - 2019,329,"5,839","6,168"
,Dec - 2019,429,"6,238","6,667"
,Jan - 2020,428,"6,596","7,024"
,Feb - 2020,445,"5,796","6,241"
,Mar - 2020,508,"6,303","6,811"
,Apr - 2020,455,"6,183","6,638"
,May - 2020,503,"6,271","6,774"
,Jun - 2020,430,"6,293","6,723"
,Jul - 2020,461,"6,527","6,988"
,Aug - 2020,537,"6,912","7,449"
,Sep - 2020,493,"6,905","7,398"
,Oct - 2020,465,"7,586","8,051"
,Nov - 2020,554,"8,128","8,682"
,Dec - 2020,620,"8,205","8,825"
,Jan - 2021,506,"7,874","8,380"
,Feb - 2021,464,"7,034","7,498"
,Mar - 2021,483,"6,872","7,355"
,Apr - 2021,463,"7,110","7,573"
,May - 2021,511,"7,766","8,277"
,Jun - 2021,445,"7,279","7,724"
,Jul - 2021,535,"7,755","8,290"
,Aug - 2021,590,"7,708","8,298"
,Sep - 2021,535,"7,774","8,309"
,Oct - 2021,575,"8,398","8,973"
,Nov - 2021,580,"7,955","8,535"
,Dec - 2021,582,"8,457","9,039"
,Jan - 2022,482,"7,988","8,470"
,Feb - 2022,495,"7,396","7,891"
,Mar - 2022,490,"7,513","8,003"
,Apr - 2022,518,"7,738","8,256"
,May - 2022,500,"7,976","8,476"
,Jun - 2022,547,"8,181","8,728"
,Jul - 2022,531,"8,568","9,099"
,Aug - 2022,619,"8,174","8,793"
,Sep - 2022,463,"7,789","8,252"
,Oct - 2022,478,"8,609","9,087"
,Nov - 2022,468,"7,536","8,004"
,Dec - 2022,571,"8,124","8,695"
,Jan - 2023,428,"8,076","8,504"
,Feb - 2023,364,"6,918","7,282"
,Mar - 2023,506,"7,128","7,634"
,Apr - 2023,444,"7,137","7,581"
,May - 2023,499,"7,667","8,166"
,Jun - 2023,569,"7,672","8,241"
,Jul - 2023,572,"7,856","8,428"
,Aug - 2023,435,"6,968","7,403"
,Sep - 2023,449,"7,051","7,500"
,Oct - 2023,483,"7,191","7,674"
,Nov - 2023,469,"6,901","7,370"
,Dec - 2023,486,"7,535","8,021"
,Jan - 2024,597,"7,126","7,723"
,Feb - 2024,559,"6,650","7,209"
,Mar - 2024,474,"6,842","7,316"
,Apr - 2024,491,"6,869","7,360"
,May - 2024,498,"7,479","7,977"
,Jun - 2024,437,"7,110","7,547"
,Jul - 2024,659,"7,659","8,318"
,Aug - 2024,441,"7,008","7,449"
,Sep - 2024,430,"6,653","7,083"
,Oct - 2024,485,"6,905","7,390"
,Nov - 2024,447,"6,571","7,018"
,Dec - 2024,505,"7,438","7,943"
23A - Pocket-picking,Jan - 2019,4,111,115
,Feb - 2019,1,104,105
,Mar - 2019,3,129,132
,Apr - 2019,1,127,128
,May - 2019,2,164,166
,Jun - 2019,1,130,131
,Jul - 2019,1,127,128
,Aug - 2019,2,130,132
,Sep - 2019,1,158,159
,Oct - 2019,2,350,352
,Nov - 2019,1,179,180
,Dec - 2019,3,140,143
,Jan - 2020,1,112,113
,Feb - 2020,1,127,128
,Mar - 2020,2,115,117
,Apr - 2020,2,81,83
,May - 2020,1,86,87
,Jun - 2020,1,86,87
,Jul - 2020,1,87,88
,Aug - 2020,1,100,101
,Sep - 2020,2,91,93
,Oct - 2020,1,105,106
,Nov - 2020,1,106,107
,Dec - 2020,1,117,118
,Jan - 2021,2,115,117
,Feb - 2021,1,92,93
,Mar - 2021,2,130,132
,Apr - 2021,3,135,138
,May - 2021,2,139,141
,Jun - 2021,1,125,126
,Jul - 2021,2,134,136
,Aug - 2021,,134,134
,Sep - 2021,2,141,143
,Oct - 2021,1,297,298
,Nov - 2021,,129,129
,Dec - 2021,,134,134
,Jan - 2022,1,125,126
,Feb - 2022,,159,159
,Mar - 2022,,208,208
,Apr - 2022,1,160,161
,May - 2022,1,149,150
,Jun - 2022,2,143,145
,Jul - 2022,3,160,163
,Aug - 2022,1,136,137
,Sep - 2022,1,180,181
,Oct - 2022,4,306,310
,Nov - 2022,2,161,163
,Dec - 2022,2,191,193
,Jan - 2023,2,156,158
,Feb - 2023,2,146,148
,Mar - 2023,1,170,171
,Apr - 2023,5,244,249
,May - 2023,6,212,218
,Jun - 2023,9,226,235
,Jul - 2023,7,244,251
,Aug - 2023,6,251,257
,Sep - 2023,2,220,222
,Oct - 2023,2,367,369
,Nov - 2023,,173,173
,Dec - 2023,2,202,204
,Jan - 2024,2,186,188
,Feb - 2024,2,194,196
,Mar - 2024,3,250,253
,Apr - 2024,1,215,216
,May - 2024,4,207,211
,Jun - 2024,2,223,225
,Jul - 2024,9,196,205
,Aug - 2024,3,196,199
,Sep - 2024,2,179,181
,Oct - 2024,3,323,326
,Nov - 2024,5,199,204
,Dec - 2024,4,163,167
23B - Purse-snatching,Jan - 2019,3,84,87
,Feb - 2019,6,87,93
,Mar - 2019,2,77,79
,Apr - 2019,5,106,111
,May - 2019,4,103,107
,Jun - 2019,3,112,115
,Jul - 2019,3,100,103
,Aug - 2019,3,96,99
,Sep - 2019,3,87,90
,Oct - 2019,7,96,103
,Nov - 2019,2,114,116
,Dec - 2019,5,106,111
,Jan - 2020,3,104,107
,Feb - 2020,1,86,87
,Mar - 2020,4,80,84
,Apr - 2020,3,59,62
,May - 2020,4,63,67
,Jun - 2020,7,69,76
,Jul - 2020,3,75,78
,Aug - 2020,4,99,103
,Sep - 2020,3,82,85
,Oct - 2020,2,84,86
,Nov - 2020,1,75,76
,Dec - 2020,1,109,110
,Jan - 2021,,93,93
,Feb - 2021,,73,73
,Mar - 2021,,74,74
,Apr - 2021,2,85,87
,May - 2021,1,95,96
,Jun - 2021,6,96,102
,Jul - 2021,2,82,84
,Aug - 2021,2,87,89
,Sep - 2021,1,97,98
,Oct - 2021,3,87,90
,Nov - 2021,4,99,103
,Dec - 2021,4,75,79
,Jan - 2022,3,95,98
,Feb - 2022,,65,65
,Mar - 2022,,78,78
,Apr - 2022,,102,102
,May - 2022,1,99,100
,Jun - 2022,5,108,113
,Jul - 2022,6,102,108
,Aug - 2022,5,100,105
,Sep - 2022,4,96,100
,Oct - 2022,3,90,93
,Nov - 2022,1,83,84
,Dec - 2022,1,85,86
,Jan - 2023,2,98,100
,Feb - 2023,3,77,80
,Mar - 2023,2,118,120
,Apr - 2023,4,105,109
,May - 2023,4,93,97
,Jun - 2023,5,100,105
,Jul - 2023,2,94,96
,Aug - 2023,5,83,88
,Sep - 2023,6,92,98
,Oct - 2023,4,85,89
,Nov - 2023,2,95,97
,Dec - 2023,4,87,91
,Jan - 2024,4,65,69
,Feb - 2024,4,93,97
,Mar - 2024,2,91,93
,Apr - 2024,3,88,91
,May - 2024,4,78,82
,Jun - 2024,4,88,92
,Jul - 2024,5,77,82
,Aug - 2024,4,103,107
,Sep - 2024,5,80,85
,Oct - 2024,4,120,124
,Nov - 2024,3,81,84
,Dec - 2024,4,93,97
23C - Shoplifting,Jan - 2019,33,"4,002","4,035"
,Feb - 2019,33,"3,417","3,450"
,Mar - 2019,29,"3,621","3,650"
,Apr - 2019,39,"3,831","3,870"
,May - 2019,41,"4,252","4,293"
,Jun - 2019,32,"4,047","4,079"
,Jul - 2019,39,"4,333","4,372"
,Aug - 2019,45,"4,606","4,651"
,Sep - 2019,57,"4,583","4,640"
,Oct - 2019,32,"4,758","4,790"
,Nov - 2019,46,"4,755","4,801"
,Dec - 2019,44,"5,385","5,429"
,Jan - 2020,38,"5,596","5,634"
,Feb - 2020,38,"5,774","5,812"
,Mar - 2020,37,"5,327","5,364"
,Apr - 2020,33,"4,327","4,360"
,May - 2020,25,"4,993","5,018"
,Jun - 2020,27,"4,983","5,010"
,Jul - 2020,24,"5,002","5,026"
,Aug - 2020,38,"5,435","5,473"
,Sep - 2020,25,"5,095","5,120"
,Oct - 2020,30,"5,478","5,508"
,Nov - 2020,56,"5,919","5,975"
,Dec - 2020,88,"6,124","6,212"
,Jan - 2021,53,"5,977","6,030"
,Feb - 2021,59,"4,768","4,827"
,Mar - 2021,65,"5,177","5,242"
,Apr - 2021,55,"5,036","5,091"
,May - 2021,48,"5,790","5,838"
,Jun - 2021,32,"5,234","5,266"
,Jul - 2021,38,"5,456","5,494"
,Aug - 2021,69,"5,543","5,612"
,Sep - 2021,45,"5,679","5,724"
,Oct - 2021,74,"5,915","5,989"
,Nov - 2021,63,"5,788","5,851"
,Dec - 2021,69,"6,250","6,319"
,Jan - 2022,43,"6,000","6,043"
,Feb - 2022,67,"5,551","5,618"
,Mar - 2022,48,"6,233","6,281"
,Apr - 2022,60,"6,242","6,302"
,May - 2022,44,"6,266","6,310"
,Jun - 2022,48,"6,128","6,176"
,Jul - 2022,49,"6,119","6,168"
,Aug - 2022,61,"6,252","6,313"
,Sep - 2022,46,"5,943","5,989"
,Oct - 2022,50,"6,337","6,387"
,Nov - 2022,51,"6,161","6,212"
,Dec - 2022,62,"6,748","6,810"
,Jan - 2023,54,"7,055","7,109"
,Feb - 2023,58,"6,454","6,512"
,Mar - 2023,58,"6,859","6,917"
,Apr - 2023,78,"7,154","7,232"
,May - 2023,89,"7,625","7,714"
,Jun - 2023,65,"7,354","7,419"
,Jul - 2023,87,"7,640","7,727"
,Aug - 2023,86,"7,757","7,843"
,Sep - 2023,96,"7,657","7,753"
,Oct - 2023,72,"8,141","8,213"
,Nov - 2023,70,"8,088","8,158"
,Dec - 2023,89,"8,356","8,445"
,Jan - 2024,90,"8,018","8,108"
,Feb - 2024,89,"7,794","7,883"
,Mar - 2024,70,"8,165","8,235"
,Apr - 2024,72,"8,160","8,232"
,May - 2024,72,"8,229","8,301"
,Jun - 2024,70,"8,239","8,309"
,Jul - 2024,71,"7,919","7,990"
,Aug - 2024,98,"7,958","8,056"
,Sep - 2024,73,"7,721","7,794"
,Oct - 2024,96,"7,840","7,936"
,Nov - 2024,60,"7,685","7,745"
,Dec - 2024,100,"8,241","8,341"
23D - Theft From Building,Jan - 2019,5,735,740
,Feb - 2019,8,732,740
,Mar - 2019,6,850,856
,Apr - 2019,4,943,947
,May - 2019,3,"1,057","1,060"
,Jun - 2019,7,914,921
,Jul - 2019,5,"1,056","1,061"
,Aug - 2019,9,"1,072","1,081"
,Sep - 2019,12,"1,201","1,213"
,Oct - 2019,10,"1,217","1,227"
,Nov - 2019,14,"1,236","1,250"
,Dec - 2019,6,"1,306","1,312"
,Jan - 2020,1,"1,442","1,443"
,Feb - 2020,8,"1,491","1,499"
,Mar - 2020,4,"1,384","1,388"
,Apr - 2020,5,"1,026","1,031"
,May - 2020,12,"1,154","1,166"
,Jun - 2020,3,"1,151","1,154"
,Jul - 2020,6,"1,112","1,118"
,Aug - 2020,6,"1,123","1,129"
,Sep - 2020,7,"1,030","1,037"
,Oct - 2020,8,"1,178","1,186"
,Nov - 2020,7,"1,219","1,226"
,Dec - 2020,3,"1,390","1,393"
,Jan - 2021,8,"1,541","1,549"
,Feb - 2021,6,"1,280","1,286"
,Mar - 2021,6,"1,487","1,493"
,Apr - 2021,4,"1,592","1,596"
,May - 2021,6,"1,721","1,727"
,Jun - 2021,8,"1,805","1,813"
,Jul - 2021,9,"1,817","1,826"
,Aug - 2021,8,"1,775","1,783"
,Sep - 2021,3,"1,829","1,832"
,Oct - 2021,5,"1,847","1,852"
,Nov - 2021,4,"1,764","1,768"
,Dec - 2021,9,"1,794","1,803"
,Jan - 2022,8,"1,747","1,755"
,Feb - 2022,6,"1,672","1,678"
,Mar - 2022,8,"1,940","1,948"
,Apr - 2022,10,"1,837","1,847"
,May - 2022,11,"1,808","1,819"
,Jun - 2022,5,"1,875","1,880"
,Jul - 2022,12,"1,928","1,940"
,Aug - 2022,7,"1,902","1,909"
,Sep - 2022,6,"1,717","1,723"
,Oct - 2022,8,"1,741","1,749"
,Nov - 2022,15,"1,687","1,702"
,Dec - 2022,8,"1,719","1,727"
,Jan - 2023,7,"1,688","1,695"
,Feb - 2023,4,"1,661","1,665"
,Mar - 2023,10,"1,676","1,686"
,Apr - 2023,7,"1,645","1,652"
,May - 2023,4,"1,771","1,775"
,Jun - 2023,7,"1,690","1,697"
,Jul - 2023,12,"1,865","1,877"
,Aug - 2023,7,"1,919","1,926"
,Sep - 2023,8,"1,788","1,796"
,Oct - 2023,15,"1,789","1,804"
,Nov - 2023,11,"1,564","1,575"
,Dec - 2023,10,"1,727","1,737"
,Jan - 2024,11,"1,580","1,591"
,Feb - 2024,16,"1,589","1,605"
,Mar - 2024,13,"1,571","1,584"
,Apr - 2024,5,"1,621","1,626"
,May - 2024,7,"1,683","1,690"
,Jun - 2024,11,"1,573","1,584"
,Jul - 2024,8,"1,535","1,543"
,Aug - 2024,7,"1,719","1,726"
,Sep - 2024,13,"1,576","1,589"
,Oct - 2024,8,"1,518","1,526"
,Nov - 2024,10,"1,502","1,512"
,Dec - 2024,9,"1,492","1,501"
23E - Theft From Coin-Operated Machine or Device,Jan - 2019,10,72,82
,Feb - 2019,8,40,48
,Mar - 2019,5,60,65
,Apr - 2019,8,62,70
,May - 2019,7,45,52
,Jun - 2019,4,59,63
,Jul - 2019,9,84,93
,Aug - 2019,13,78,91
,Sep - 2019,17,71,88
,Oct - 2019,21,77,98
,Nov - 2019,14,93,107
,Dec - 2019,14,130,144
,Jan - 2020,25,106,131
,Feb - 2020,21,86,107
,Mar - 2020,12,86,98
,Apr - 2020,20,93,113
,May - 2020,16,73,89
,Jun - 2020,19,68,87
,Jul - 2020,27,95,122
,Aug - 2020,20,91,111
,Sep - 2020,19,68,87
,Oct - 2020,14,60,74
,Nov - 2020,19,90,109
,Dec - 2020,22,84,106
,Jan - 2021,26,83,109
,Feb - 2021,10,70,80
,Mar - 2021,16,75,91
,Apr - 2021,10,49,59
,May - 2021,15,63,78
,Jun - 2021,14,54,68
,Jul - 2021,16,69,85
,Aug - 2021,11,103,114
,Sep - 2021,12,97,109
,Oct - 2021,17,81,98
,Nov - 2021,19,106,125
,Dec - 2021,27,79,106
,Jan - 2022,21,83,104
,Feb - 2022,12,77,89
,Mar - 2022,6,82,88
,Apr - 2022,11,79,90
,May - 2022,11,60,71
,Jun - 2022,9,82,91
,Jul - 2022,13,63,76
,Aug - 2022,19,76,95
,Sep - 2022,15,81,96
,Oct - 2022,16,72,88
,Nov - 2022,17,48,65
,Dec - 2022,12,80,92
,Jan - 2023,21,66,87
,Feb - 2023,11,58,69
,Mar - 2023,9,61,70
,Apr - 2023,18,68,86
,May - 2023,14,57,71
,Jun - 2023,10,51,61
,Jul - 2023,12,57,69
,Aug - 2023,8,43,51
,Sep - 2023,6,50,56
,Oct - 2023,10,50,60
,Nov - 2023,9,30,39
,Dec - 2023,11,48,59
,Jan - 2024,7,48,55
,Feb - 2024,5,50,55
,Mar - 2024,6,55,61
,Apr - 2024,8,61,69
,May - 2024,11,76,87
,Jun - 2024,4,61,65
,Jul - 2024,13,68,81
,Aug - 2024,4,52,56
,Sep - 2024,9,58,67
,Oct - 2024,11,67,78
,Nov - 2024,12,51,63
,Dec - 2024,8,62,70
23F - Theft From Motor Vehicle,Jan - 2019,753,"7,096","7,849"
,Feb - 2019,651,"6,449","7,100"
,Mar - 2019,692,"7,063","7,755"
,Apr - 2019,684,"7,212","7,896"
,May - 2019,822,"8,662","9,484"
,Jun - 2019,855,"8,337","9,192"
,Jul - 2019,"1,000","8,907","9,907"
,Aug - 2019,853,"8,769","9,622"
,Sep - 2019,745,"8,418","9,163"
,Oct - 2019,898,"8,963","9,861"
,Nov - 2019,859,"8,775","9,634"
,Dec - 2019,829,"9,367","10,196"
,Jan - 2020,944,"9,713","10,657"
,Feb - 2020,969,"9,829","10,798"
,Mar - 2020,995,"9,533","10,528"
,Apr - 2020,904,"8,716","9,620"
,May - 2020,961,"8,824","9,785"
,Jun - 2020,975,"9,695","10,670"
,Jul - 2020,853,"9,520","10,373"
,Aug - 2020,939,"10,145","11,084"
,Sep - 2020,873,"9,937","10,810"
,Oct - 2020,913,"10,784","11,697"
,Nov - 2020,"1,073","11,664","12,737"
,Dec - 2020,"1,027","12,014","13,041"
,Jan - 2021,964,"11,375","12,339"
,Feb - 2021,871,"8,851","9,722"
,Mar - 2021,921,"9,968","10,889"
,Apr - 2021,852,"9,598","10,450"
,May - 2021,"1,070","10,587","11,657"
,Jun - 2021,943,"10,040","10,983"
,Jul - 2021,"1,043","11,087","12,130"
,Aug - 2021,"1,131","11,006","12,137"
,Sep - 2021,"1,094","10,713","11,807"
,Oct - 2021,"1,087","11,560","12,647"
,Nov - 2021,"1,120","11,514","12,634"
,Dec - 2021,"1,095","11,613","12,708"
,Jan - 2022,"1,127","11,505","12,632"
,Feb - 2022,"1,050","10,333","11,383"
,Mar - 2022,"1,088","11,146","12,234"
,Apr - 2022,"1,137","11,300","12,437"
,May - 2022,"1,164","11,917","13,081"
,Jun - 2022,"1,187","11,583","12,770"
,Jul - 2022,"1,352","11,780","13,132"
,Aug - 2022,"1,356","11,518","12,874"
,Sep - 2022,"1,313","11,208","12,521"
,Oct - 2022,"1,423","11,809","13,232"
,Nov - 2022,"1,411","10,766","12,177"
,Dec - 2022,"1,312","10,942","12,254"
,Jan - 2023,"1,412","11,264","12,676"
,Feb - 2023,"1,351","10,171","11,522"
,Mar - 2023,"1,344","10,860","12,204"
,Apr - 2023,"1,534","10,748","12,282"
,May - 2023,"1,508","10,777","12,285"
,Jun - 2023,"1,672","11,314","12,986"
,Jul - 2023,"1,805","11,472","13,277"
,Aug - 2023,"1,696","10,936","12,632"
,Sep - 2023,"1,423","10,130","11,553"
,Oct - 2023,"1,719","10,833","12,552"
,Nov - 2023,"1,678","10,240","11,918"
,Dec - 2023,"1,559","10,345","11,904"
,Jan - 2024,"1,491","10,137","11,628"
,Feb - 2024,"1,354","9,014","10,368"
,Mar - 2024,"1,559","9,420","10,979"
,Apr - 2024,"1,599","9,802","11,401"
,May - 2024,"1,541","10,236","11,777"
,Jun - 2024,"1,497","9,599","11,096"
,Jul - 2024,"1,539","9,601","11,140"
,Aug - 2024,"1,428","9,591","11,019"
,Sep - 2024,"1,407","9,317","10,724"
,Oct - 2024,"1,353","9,939","11,292"
,Nov - 2024,"1,294","9,365","10,659"
,Dec - 2024,"1,268","9,654","10,922"
23G - Theft of Motor Vehicle Parts or Accessories,Jan - 2019,35,"1,190","1,225"
,Feb - 2019,31,"1,084","1,115"
,Mar - 2019,40,"1,235","1,275"
,Apr - 2019,27,"1,224","1,251"
,May - 2019,34,"1,441","1,475"
,Jun - 2019,29,"1,293","1,322"
,Jul - 2019,25,"1,393","1,418"
,Aug - 2019,36,"1,333","1,369"
,Sep - 2019,37,"1,445","1,482"
,Oct - 2019,41,"1,450","1,491"
,Nov - 2019,32,"1,289","1,321"
,Dec - 2019,60,"1,408","1,468"
,Jan - 2020,34,"1,596","1,630"
,Feb - 2020,32,"1,825","1,857"
,Mar - 2020,36,"1,808","1,844"
,Apr - 2020,33,"1,567","1,600"
,May - 2020,37,"2,017","2,054"
,Jun - 2020,83,"2,146","2,229"
,Jul - 2020,39,"2,130","2,169"
,Aug - 2020,37,"2,236","2,273"
,Sep - 2020,46,"2,236","2,282"
,Oct - 2020,50,"2,504","2,554"
,Nov - 2020,73,"2,728","2,801"
,Dec - 2020,79,"3,398","3,477"
,Jan - 2021,81,"3,827","3,908"
,Feb - 2021,66,"3,479","3,545"
,Mar - 2021,82,"4,441","4,523"
,Apr - 2021,100,"4,466","4,566"
,May - 2021,120,"4,792","4,912"
,Jun - 2021,93,"4,736","4,829"
,Jul - 2021,106,"5,226","5,332"
,Aug - 2021,109,"5,556","5,665"
,Sep - 2021,99,"4,749","4,848"
,Oct - 2021,126,"5,086","5,212"
,Nov - 2021,115,"4,975","5,090"
,Dec - 2021,120,"4,970","5,090"
,Jan - 2022,131,"5,644","5,775"
,Feb - 2022,140,"5,726","5,866"
,Mar - 2022,170,"6,697","6,867"
,Apr - 2022,170,"6,355","6,525"
,May - 2022,150,"6,329","6,479"
,Jun - 2022,120,"6,009","6,129"
,Jul - 2022,114,"6,714","6,828"
,Aug - 2022,113,"5,666","5,779"
,Sep - 2022,109,"4,941","5,050"
,Oct - 2022,87,"4,970","5,057"
,Nov - 2022,90,"4,152","4,242"
,Dec - 2022,91,"3,932","4,023"
,Jan - 2023,85,"4,141","4,226"
,Feb - 2023,73,"3,386","3,459"
,Mar - 2023,88,"3,709","3,797"
,Apr - 2023,75,"3,375","3,450"
,May - 2023,70,"3,240","3,310"
,Jun - 2023,101,"3,037","3,138"
,Jul - 2023,113,"2,701","2,814"
,Aug - 2023,98,"2,831","2,929"
,Sep - 2023,89,"2,508","2,597"
,Oct - 2023,99,"2,550","2,649"
,Nov - 2023,137,"2,329","2,466"
,Dec - 2023,96,"2,246","2,342"
,Jan - 2024,91,"2,461","2,552"
,Feb - 2024,59,"2,359","2,418"
,Mar - 2024,72,"2,549","2,621"
,Apr - 2024,69,"2,564","2,633"
,May - 2024,68,"2,414","2,482"
,Jun - 2024,55,"2,391","2,446"
,Jul - 2024,73,"2,440","2,513"
,Aug - 2024,71,"2,389","2,460"
,Sep - 2024,83,"2,253","2,336"
,Oct - 2024,77,"2,408","2,485"
,Nov - 2024,89,"2,697","2,786"
,Dec - 2024,78,"2,573","2,651"
23H - All Other Larceny,Jan - 2019,60,"8,436","8,496"
,Feb - 2019,51,"7,616","7,667"
,Mar - 2019,46,"8,621","8,667"
,Apr - 2019,54,"8,622","8,676"
,May - 2019,56,"9,818","9,874"
,Jun - 2019,66,"9,257","9,323"
,Jul - 2019,75,"10,112","10,187"
,Aug - 2019,72,"10,301","10,373"
,Sep - 2019,81,"10,105","10,186"
,Oct - 2019,74,"10,752","10,826"
,Nov - 2019,69,"9,998","10,067"
,Dec - 2019,102,"11,072","11,174"
,Jan - 2020,89,"10,692","10,781"
,Feb - 2020,99,"10,293","10,392"
,Mar - 2020,64,"10,185","10,249"
,Apr - 2020,79,"9,772","9,851"
,May - 2020,106,"10,939","11,045"
,Jun - 2020,99,"11,353","11,452"
,Jul - 2020,90,"11,573","11,663"
,Aug - 2020,95,"12,287","12,382"
,Sep - 2020,119,"12,112","12,231"
,Oct - 2020,141,"12,704","12,845"
,Nov - 2020,115,"13,589","13,704"
,Dec - 2020,145,"14,458","14,603"
,Jan - 2021,122,"13,523","13,645"
,Feb - 2021,110,"11,490","11,600"
,Mar - 2021,120,"14,232","14,352"
,Apr - 2021,127,"13,398","13,525"
,May - 2021,159,"13,649","13,808"
,Jun - 2021,111,"13,974","14,085"
,Jul - 2021,138,"14,094","14,232"
,Aug - 2021,111,"14,112","14,223"
,Sep - 2021,120,"14,018","14,138"
,Oct - 2021,143,"14,864","15,007"
,Nov - 2021,124,"14,026","14,150"
,Dec - 2021,133,"15,244","15,377"
,Jan - 2022,150,"14,076","14,226"
,Feb - 2022,129,"12,610","12,739"
,Mar - 2022,145,"15,005","15,150"
,Apr - 2022,140,"15,316","15,456"
,May - 2022,155,"15,751","15,906"
,Jun - 2022,119,"15,393","15,512"
,Jul - 2022,137,"15,400","15,537"
,Aug - 2022,134,"15,509","15,643"
,Sep - 2022,152,"15,409","15,561"
,Oct - 2022,163,"15,534","15,697"
,Nov - 2022,118,"14,176","14,294"
,Dec - 2022,140,"14,803","14,943"
,Jan - 2023,139,"14,491","14,630"
,Feb - 2023,133,"12,682","12,815"
,Mar - 2023,158,"14,611","14,769"
,Apr - 2023,160,"13,951","14,111"
,May - 2023,159,"14,640","14,799"
,Jun - 2023,160,"14,484","14,644"
,Jul - 2023,224,"15,012","15,236"
,Aug - 2023,184,"14,846","15,030"
,Sep - 2023,169,"14,733","14,902"
,Oct - 2023,200,"15,246","15,446"
,Nov - 2023,194,"14,542","14,736"
,Dec - 2023,190,"14,852","15,042"
,Jan - 2024,165,"13,550","13,715"
,Feb - 2024,177,"13,798","13,975"
,Mar - 2024,156,"14,311","14,467"
,Apr - 2024,173,"14,411","14,584"
,May - 2024,156,"14,708","14,864"
,Jun - 2024,152,"14,068","14,220"
,Jul - 2024,176,"14,658","14,834"
,Aug - 2024,193,"14,936","15,129"
,Sep - 2024,174,"14,366","14,540"
,Oct - 2024,176,"15,035","15,211"
,Nov - 2024,155,"13,833","13,988"
,Dec - 2024,161,"14,460","14,621"
240 - Motor Vehicle Theft,Jan - 2019,95,"3,646","3,741"
,Feb - 2019,85,"3,381","3,466"
,Mar - 2019,137,"3,664","3,801"
,Apr - 2019,103,"3,617","3,720"
,May - 2019,104,"4,138","4,242"
,Jun - 2019,71,"4,112","4,183"
,Jul - 2019,78,"4,426","4,504"
,Aug - 2019,131,"4,389","4,520"
,Sep - 2019,127,"4,376","4,503"
,Oct - 2019,172,"4,606","4,778"
,Nov - 2019,161,"4,427","4,588"
,Dec - 2019,181,"4,623","4,804"
,Jan - 2020,188,"4,740","4,928"
,Feb - 2020,229,"4,916","5,145"
,Mar - 2020,211,"5,127","5,338"
,Apr - 2020,215,"5,058","5,273"
,May - 2020,211,"5,321","5,532"
,Jun - 2020,249,"5,808","6,057"
,Jul - 2020,244,"6,193","6,437"
,Aug - 2020,188,"6,295","6,483"
,Sep - 2020,201,"5,867","6,068"
,Oct - 2020,255,"6,291","6,546"
,Nov - 2020,227,"6,659","6,886"
,Dec - 2020,278,"6,986","7,264"
,Jan - 2021,291,"7,029","7,320"
,Feb - 2021,244,"6,098","6,342"
,Mar - 2021,253,"6,382","6,635"
,Apr - 2021,260,"6,500","6,760"
,May - 2021,317,"7,218","7,535"
,Jun - 2021,303,"7,296","7,599"
,Jul - 2021,268,"7,741","8,009"
,Aug - 2021,302,"7,824","8,126"
,Sep - 2021,271,"7,726","7,997"
,Oct - 2021,320,"7,554","7,874"
,Nov - 2021,313,"7,572","7,885"
,Dec - 2021,328,"7,600","7,928"
,Jan - 2022,301,"7,880","8,181"
,Feb - 2022,292,"6,906","7,198"
,Mar - 2022,287,"7,713","8,000"
,Apr - 2022,300,"7,587","7,887"
,May - 2022,297,"8,049","8,346"
,Jun - 2022,305,"8,178","8,483"
,Jul - 2022,439,"8,782","9,221"
,Aug - 2022,331,"8,376","8,707"
,Sep - 2022,371,"8,069","8,440"
,Oct - 2022,450,"8,457","8,907"
,Nov - 2022,454,"8,005","8,459"
,Dec - 2022,612,"8,515","9,127"
,Jan - 2023,605,"8,672","9,277"
,Feb - 2023,596,"7,710","8,306"
,Mar - 2023,808,"8,916","9,724"
,Apr - 2023,985,"8,867","9,852"
,May - 2023,"1,238","9,659","10,897"
,Jun - 2023,"1,397","9,688","11,085"
,Jul - 2023,"1,701","10,199","11,900"
,Aug - 2023,"1,492","9,703","11,195"
,Sep - 2023,"1,515","9,590","11,105"
,Oct - 2023,"1,755","9,985","11,740"
,Nov - 2023,"1,673","9,202","10,875"
,Dec - 2023,"1,543","9,253","10,796"
,Jan - 2024,"1,452","8,844","10,296"
,Feb - 2024,"1,207","8,008","9,215"
,Mar - 2024,"1,379","8,349","9,728"
,Apr - 2024,"1,134","7,831","8,965"
,May - 2024,"1,101","8,255","9,356"
,Jun - 2024,"1,041","7,924","8,965"
,Jul - 2024,"1,005","7,886","8,891"
,Aug - 2024,801,"7,800","8,601"
,Sep - 2024,763,"7,049","7,812"
,Oct - 2024,801,"7,096","7,897"
,Nov - 2024,776,"6,740","7,516"
,Dec - 2024,813,"7,059","7,872"
250 - Counterfeiting/Forgery,Jan - 2019,49,"1,295","1,344"
,Feb - 2019,38,"1,061","1,099"
,Mar - 2019,39,"1,083","1,122"
,Apr - 2019,55,"1,130","1,185"
,May - 2019,78,"1,285","1,363"
,Jun - 2019,56,"1,259","1,315"
,Jul - 2019,58,"1,375","1,433"
,Aug - 2019,72,"1,404","1,476"
,Sep - 2019,89,"1,352","1,441"
,Oct - 2019,122,"1,430","1,552"
,Nov - 2019,140,"1,372","1,512"
,Dec - 2019,102,"1,458","1,560"
,Jan - 2020,44,"1,620","1,664"
,Feb - 2020,55,"1,604","1,659"
,Mar - 2020,32,"1,395","1,427"
,Apr - 2020,50,"1,323","1,373"
,May - 2020,36,"1,306","1,342"
,Jun - 2020,34,"1,311","1,345"
,Jul - 2020,26,"1,203","1,229"
,Aug - 2020,40,"1,306","1,346"
,Sep - 2020,29,"1,280","1,309"
,Oct - 2020,37,"1,444","1,481"
,Nov - 2020,71,"1,547","1,618"
,Dec - 2020,88,"1,636","1,724"
,Jan - 2021,70,"1,619","1,689"
,Feb - 2021,62,"1,262","1,324"
,Mar - 2021,69,"1,516","1,585"
,Apr - 2021,73,"1,399","1,472"
,May - 2021,49,"1,333","1,382"
,Jun - 2021,65,"1,471","1,536"
,Jul - 2021,59,"1,554","1,613"
,Aug - 2021,61,"1,642","1,703"
,Sep - 2021,54,"1,596","1,650"
,Oct - 2021,63,"1,669","1,732"
,Nov - 2021,62,"1,597","1,659"
,Dec - 2021,54,"1,823","1,877"
,Jan - 2022,62,"2,042","2,104"
,Feb - 2022,64,"1,831","1,895"
,Mar - 2022,70,"2,105","2,175"
,Apr - 2022,61,"2,049","2,110"
,May - 2022,81,"2,072","2,153"
,Jun - 2022,64,"2,061","2,125"
,Jul - 2022,76,"1,901","1,977"
,Aug - 2022,73,"1,968","2,041"
,Sep - 2022,75,"1,830","1,905"
,Oct - 2022,78,"1,771","1,849"
,Nov - 2022,63,"1,763","1,826"
,Dec - 2022,69,"1,609","1,678"
,Jan - 2023,60,"1,829","1,889"
,Feb - 2023,66,"1,562","1,628"
,Mar - 2023,55,"1,665","1,720"
,Apr - 2023,61,"1,546","1,607"
,May - 2023,82,"1,774","1,856"
,Jun - 2023,86,"1,689","1,775"
,Jul - 2023,66,"1,776","1,842"
,Aug - 2023,97,"1,876","1,973"
,Sep - 2023,76,"1,782","1,858"
,Oct - 2023,64,"1,691","1,755"
,Nov - 2023,65,"1,573","1,638"
,Dec - 2023,58,"1,453","1,511"
,Jan - 2024,103,"1,591","1,694"
,Feb - 2024,55,"1,501","1,556"
,Mar - 2024,61,"1,533","1,594"
,Apr - 2024,50,"1,555","1,605"
,May - 2024,70,"1,463","1,533"
,Jun - 2024,65,"1,383","1,448"
,Jul - 2024,64,"1,440","1,504"
,Aug - 2024,55,"1,481","1,536"
,Sep - 2024,60,"1,467","1,527"
,Oct - 2024,68,"1,382","1,450"
,Nov - 2024,52,"1,274","1,326"
,Dec - 2024,78,"1,273","1,351"
26A - False Pretenses/Swindle/Confidence Game,Jan - 2019,53,"1,320","1,373"
,Feb - 2019,34,"1,255","1,289"
,Mar - 2019,55,"1,413","1,468"
,Apr - 2019,50,"1,334","1,384"
,May - 2019,58,"1,481","1,539"
,Jun - 2019,34,"1,365","1,399"
,Jul - 2019,58,"1,600","1,658"
,Aug - 2019,55,"1,813","1,868"
,Sep - 2019,83,"1,708","1,791"
,Oct - 2019,67,"1,721","1,788"
,Nov - 2019,61,"1,601","1,662"
,Dec - 2019,76,"1,680","1,756"
,Jan - 2020,57,"1,852","1,909"
,Feb - 2020,71,"1,934","2,005"
,Mar - 2020,65,"1,779","1,844"
,Apr - 2020,79,"1,433","1,512"
,May - 2020,94,"1,646","1,740"
,Jun - 2020,68,"1,814","1,882"
,Jul - 2020,88,"1,879","1,967"
,Aug - 2020,86,"1,949","2,035"
,Sep - 2020,114,"1,990","2,104"
,Oct - 2020,92,"2,009","2,101"
,Nov - 2020,104,"2,207","2,311"
,Dec - 2020,108,"2,140","2,248"
,Jan - 2021,114,"2,601","2,715"
,Feb - 2021,102,"2,185","2,287"
,Mar - 2021,227,"3,516","3,743"
,Apr - 2021,251,"3,697","3,948"
,May - 2021,115,"2,596","2,711"
,Jun - 2021,86,"2,574","2,660"
,Jul - 2021,93,"2,482","2,575"
,Aug - 2021,114,"2,409","2,523"
,Sep - 2021,82,"2,254","2,336"
,Oct - 2021,95,"2,483","2,578"
,Nov - 2021,75,"2,333","2,408"
,Dec - 2021,100,"2,300","2,400"
,Jan - 2022,105,"2,643","2,748"
,Feb - 2022,106,"2,366","2,472"
,Mar - 2022,110,"2,739","2,849"
,Apr - 2022,115,"2,788","2,903"
,May - 2022,128,"2,776","2,904"
,Jun - 2022,135,"2,818","2,953"
,Jul - 2022,144,"2,670","2,814"
,Aug - 2022,164,"2,706","2,870"
,Sep - 2022,114,"2,689","2,803"
,Oct - 2022,122,"2,708","2,830"
,Nov - 2022,93,"2,331","2,424"
,Dec - 2022,98,"2,503","2,601"
,Jan - 2023,129,"2,890","3,019"
,Feb - 2023,112,"2,659","2,771"
,Mar - 2023,160,"3,005","3,165"
,Apr - 2023,119,"2,694","2,813"
,May - 2023,122,"2,839","2,961"
,Jun - 2023,144,"3,110","3,254"
,Jul - 2023,138,"2,910","3,048"
,Aug - 2023,128,"2,908","3,036"
,Sep - 2023,110,"2,771","2,881"
,Oct - 2023,117,"2,734","2,851"
,Nov - 2023,103,"2,487","2,590"
,Dec - 2023,130,"2,427","2,557"
,Jan - 2024,147,"2,725","2,872"
,Feb - 2024,140,"2,658","2,798"
,Mar - 2024,131,"2,757","2,888"
,Apr - 2024,123,"2,758","2,881"
,May - 2024,124,"2,828","2,952"
,Jun - 2024,130,"2,761","2,891"
,Jul - 2024,133,"2,787","2,920"
,Aug - 2024,162,"3,033","3,195"
,Sep - 2024,139,"2,742","2,881"
,Oct - 2024,159,"2,711","2,870"
,Nov - 2024,112,"2,481","2,593"
,Dec - 2024,116,"2,382","2,498"
26B - Credit Card/Automatic Teller Machine Fraud,Jan - 2019,34,"1,451","1,485"
,Feb - 2019,23,"1,376","1,399"
,Mar - 2019,30,"1,412","1,442"
,Apr - 2019,25,"1,363","1,388"
,May - 2019,36,"1,493","1,529"
,Jun - 2019,33,"1,417","1,450"
,Jul - 2019,28,"1,575","1,603"
,Aug - 2019,46,"1,665","1,711"
,Sep - 2019,53,"1,561","1,614"
,Oct - 2019,54,"1,812","1,866"
,Nov - 2019,53,"1,710","1,763"
,Dec - 2019,53,"1,772","1,825"
,Jan - 2020,40,"1,778","1,818"
,Feb - 2020,69,"1,857","1,926"
,Mar - 2020,49,"1,811","1,860"
,Apr - 2020,55,"1,677","1,732"
,May - 2020,57,"1,916","1,973"
,Jun - 2020,45,"1,797","1,842"
,Jul - 2020,34,"1,816","1,850"
,Aug - 2020,33,"1,813","1,846"
,Sep - 2020,55,"1,697","1,752"
,Oct - 2020,44,"1,794","1,838"
,Nov - 2020,86,"1,946","2,032"
,Dec - 2020,87,"2,112","2,199"
,Jan - 2021,98,"2,253","2,351"
,Feb - 2021,75,"1,769","1,844"
,Mar - 2021,80,"2,143","2,223"
,Apr - 2021,77,"1,937","2,014"
,May - 2021,80,"1,866","1,946"
,Jun - 2021,64,"1,970","2,034"
,Jul - 2021,75,"2,119","2,194"
,Aug - 2021,74,"1,929","2,003"
,Sep - 2021,74,"1,947","2,021"
,Oct - 2021,74,"2,162","2,236"
,Nov - 2021,92,"2,102","2,194"
,Dec - 2021,85,"2,063","2,148"
,Jan - 2022,92,"2,124","2,216"
,Feb - 2022,76,"1,969","2,045"
,Mar - 2022,107,"2,201","2,308"
,Apr - 2022,83,"2,104","2,187"
,May - 2022,101,"2,183","2,284"
,Jun - 2022,106,"2,221","2,327"
,Jul - 2022,118,"2,295","2,413"
,Aug - 2022,100,"2,107","2,207"
,Sep - 2022,92,"2,081","2,173"
,Oct - 2022,91,"2,052","2,143"
,Nov - 2022,93,"1,912","2,005"
,Dec - 2022,97,"2,020","2,117"
,Jan - 2023,117,"2,156","2,273"
,Feb - 2023,95,"1,900","1,995"
,Mar - 2023,119,"2,218","2,337"
,Apr - 2023,88,"2,111","2,199"
,May - 2023,124,"2,135","2,259"
,Jun - 2023,131,"2,247","2,378"
,Jul - 2023,138,"2,197","2,335"
,Aug - 2023,138,"2,342","2,480"
,Sep - 2023,124,"2,050","2,174"
,Oct - 2023,131,"2,142","2,273"
,Nov - 2023,114,"1,981","2,095"
,Dec - 2023,111,"2,071","2,182"
,Jan - 2024,125,"1,965","2,090"
,Feb - 2024,115,"1,968","2,083"
,Mar - 2024,107,"2,064","2,171"
,Apr - 2024,109,"1,994","2,103"
,May - 2024,104,"2,231","2,335"
,Jun - 2024,124,"2,114","2,238"
,Jul - 2024,102,"2,094","2,196"
,Aug - 2024,128,"2,019","2,147"
,Sep - 2024,119,"1,987","2,106"
,Oct - 2024,111,"2,012","2,123"
,Nov - 2024,108,"1,890","1,998"
,Dec - 2024,98,"1,918","2,016"
26C - Impersonation,Jan - 2019,22,625,647
,Feb - 2019,34,560,594
,Mar - 2019,31,598,629
,Apr - 2019,23,578,601
,May - 2019,22,536,558
,Jun - 2019,23,554,577
,Jul - 2019,15,570,585
,Aug - 2019,13,548,561
,Sep - 2019,23,467,490
,Oct - 2019,16,535,551
,Nov - 2019,13,506,519
,Dec - 2019,19,542,561
,Jan - 2020,24,677,701
,Feb - 2020,40,651,691
,Mar - 2020,50,619,669
,Apr - 2020,70,590,660
,May - 2020,57,705,762
,Jun - 2020,29,723,752
,Jul - 2020,39,845,884
,Aug - 2020,37,839,876
,Sep - 2020,55,"1,003","1,058"
,Oct - 2020,36,"1,011","1,047"
,Nov - 2020,36,974,"1,010"
,Dec - 2020,26,871,897
,Jan - 2021,35,823,858
,Feb - 2021,35,719,754
,Mar - 2021,101,"1,586","1,687"
,Apr - 2021,85,"1,646","1,731"
,May - 2021,41,698,739
,Jun - 2021,29,658,687
,Jul - 2021,29,742,771
,Aug - 2021,48,716,764
,Sep - 2021,34,725,759
,Oct - 2021,43,687,730
,Nov - 2021,31,659,690
,Dec - 2021,30,637,667
,Jan - 2022,33,751,784
,Feb - 2022,36,591,627
,Mar - 2022,45,709,754
,Apr - 2022,42,632,674
,May - 2022,39,635,674
,Jun - 2022,46,656,702
,Jul - 2022,43,629,672
,Aug - 2022,66,613,679
,Sep - 2022,55,524,579
,Oct - 2022,36,467,503
,Nov - 2022,32,391,423
,Dec - 2022,33,451,484
,Jan - 2023,26,510,536
,Feb - 2023,31,475,506
,Mar - 2023,32,512,544
,Apr - 2023,40,439,479
,May - 2023,33,503,536
,Jun - 2023,43,679,722
,Jul - 2023,25,588,613
,Aug - 2023,30,531,561
,Sep - 2023,37,492,529
,Oct - 2023,26,525,551
,Nov - 2023,29,424,453
,Dec - 2023,24,446,470
,Jan - 2024,42,581,623
,Feb - 2024,60,482,542
,Mar - 2024,53,505,558
,Apr - 2024,56,538,594
,May - 2024,51,496,547
,Jun - 2024,34,462,496
,Jul - 2024,41,479,520
,Aug - 2024,53,511,564
,Sep - 2024,42,486,528
,Oct - 2024,48,509,557
,Nov - 2024,42,455,497
,Dec - 2024,32,423,455
26D - Welfare Fraud,Jan - 2019,,5,5
,Feb - 2019,,6,6
,Mar - 2019,,5,5
,Apr - 2019,,8,8
,May - 2019,,2,2
,Jun - 2019,,2,2
,Jul - 2019,1,1,2
,Aug - 2019,,2,2
,Sep - 2019,,5,5
,Oct - 2019,,5,5
,Nov - 2019,,1,1
,Dec - 2019,,1,1
,Jan - 2020,,7,7
,Feb - 2020,,9,9
,Mar - 2020,,6,6
,Apr - 2020,,5,5
,May - 2020,,9,9
,Jun - 2020,1,10,11
,Jul - 2020,2,20,22
,Aug - 2020,2,23,25
,Sep - 2020,1,52,53
,Oct - 2020,4,58,62
,Nov - 2020,1,36,37
,Dec - 2020,3,36,39
,Jan - 2021,2,43,45
,Feb - 2021,3,45,48
,Mar - 2021,11,193,204
,Apr - 2021,14,222,236
,May - 2021,9,38,47
,Jun - 2021,3,14,17
,Jul - 2021,,35,35
,Aug - 2021,6,40,46
,Sep - 2021,2,27,29
,Oct - 2021,,13,13
,Nov - 2021,1,9,10
,Dec - 2021,,15,15
,Jan - 2022,,11,11
,Feb - 2022,1,16,17
,Mar - 2022,,20,20
,Apr - 2022,2,13,15
,May - 2022,,12,12
,Jun - 2022,1,10,11
,Jul - 2022,,11,11
,Aug - 2022,1,8,9
,Sep - 2022,1,13,14
,Oct - 2022,,17,17
,Nov - 2022,,14,14
,Dec - 2022,,12,12
,Jan - 2023,,10,10
,Feb - 2023,,13,13
,Mar - 2023,,24,24
,Apr - 2023,,22,22
,May - 2023,,15,15
,Jun - 2023,,16,16
,Jul - 2023,1,13,14
,Aug - 2023,,6,6
,Sep - 2023,,22,22
,Oct - 2023,,17,17
,Nov - 2023,1,15,16
,Dec - 2023,,10,10
,Jan - 2024,,16,16
,Feb - 2024,,8,8
,Mar - 2024,,13,13
,Apr - 2024,1,8,9
,May - 2024,1,21,22
,Jun - 2024,,12,12
,Jul - 2024,,27,27
,Aug - 2024,,19,19
,Sep - 2024,,10,10
,Oct - 2024,1,14,15
,Nov - 2024,2,21,23
,Dec - 2024,1,13,14
26E - Wire Fraud,Jan - 2019,3,41,44
,Feb - 2019,6,52,58
,Mar - 2019,1,58,59
,Apr - 2019,5,47,52
,May - 2019,4,51,55
,Jun - 2019,2,59,61
,Jul - 2019,7,74,81
,Aug - 2019,10,77,87
,Sep - 2019,4,43,47
,Oct - 2019,8,80,88
,Nov - 2019,6,73,79
,Dec - 2019,8,70,78
,Jan - 2020,9,102,111
,Feb - 2020,9,140,149
,Mar - 2020,10,128,138
,Apr - 2020,14,138,152
,May - 2020,6,182,188
,Jun - 2020,5,145,150
,Jul - 2020,15,143,158
,Aug - 2020,7,187,194
,Sep - 2020,9,136,145
,Oct - 2020,11,140,151
,Nov - 2020,14,158,172
,Dec - 2020,8,185,193
,Jan - 2021,14,198,212
,Feb - 2021,11,167,178
,Mar - 2021,32,225,257
,Apr - 2021,17,190,207
,May - 2021,7,197,204
,Jun - 2021,9,228,237
,Jul - 2021,8,223,231
,Aug - 2021,12,234,246
,Sep - 2021,9,239,248
,Oct - 2021,9,200,209
,Nov - 2021,12,222,234
,Dec - 2021,7,191,198
,Jan - 2022,12,236,248
,Feb - 2022,15,201,216
,Mar - 2022,12,205,217
,Apr - 2022,6,253,259
,May - 2022,11,238,249
,Jun - 2022,21,246,267
,Jul - 2022,15,208,223
,Aug - 2022,14,211,225
,Sep - 2022,13,256,269
,Oct - 2022,16,254,270
,Nov - 2022,6,221,227
,Dec - 2022,13,226,239
,Jan - 2023,13,258,271
,Feb - 2023,12,288,300
,Mar - 2023,15,289,304
,Apr - 2023,12,241,253
,May - 2023,22,295,317
,Jun - 2023,15,273,288
,Jul - 2023,19,252,271
,Aug - 2023,13,285,298
,Sep - 2023,16,256,272
,Oct - 2023,12,265,277
,Nov - 2023,5,232,237
,Dec - 2023,10,226,236
,Jan - 2024,8,270,278
,Feb - 2024,14,281,295
,Mar - 2024,13,266,279
,Apr - 2024,22,274,296
,May - 2024,15,289,304
,Jun - 2024,13,267,280
,Jul - 2024,14,273,287
,Aug - 2024,14,297,311
,Sep - 2024,28,260,288
,Oct - 2024,21,291,312
,Nov - 2024,14,226,240
,Dec - 2024,18,265,283
26F - Identity Theft,Jan - 2019,6,686,692
,Feb - 2019,11,538,549
,Mar - 2019,6,534,540
,Apr - 2019,14,554,568
,May - 2019,11,644,655
,Jun - 2019,9,604,613
,Jul - 2019,20,717,737
,Aug - 2019,23,832,855
,Sep - 2019,68,679,747
,Oct - 2019,83,810,893
,Nov - 2019,56,750,806
,Dec - 2019,56,812,868
,Jan - 2020,31,"1,126","1,157"
,Feb - 2020,18,"1,088","1,106"
,Mar - 2020,14,"1,069","1,083"
,Apr - 2020,31,"1,024","1,055"
,May - 2020,23,999,"1,022"
,Jun - 2020,29,"1,070","1,099"
,Jul - 2020,29,"1,156","1,185"
,Aug - 2020,22,"1,190","1,212"
,Sep - 2020,41,"1,359","1,400"
,Oct - 2020,40,"1,520","1,560"
,Nov - 2020,57,"1,564","1,621"
,Dec - 2020,65,"1,734","1,799"
,Jan - 2021,73,"2,518","2,591"
,Feb - 2021,67,"1,998","2,065"
,Mar - 2021,193,"5,433","5,626"
,Apr - 2021,214,"5,415","5,629"
,May - 2021,56,"1,872","1,928"
,Jun - 2021,43,"1,808","1,851"
,Jul - 2021,50,"1,654","1,704"
,Aug - 2021,43,"1,904","1,947"
,Sep - 2021,32,"1,612","1,644"
,Oct - 2021,35,"1,770","1,805"
,Nov - 2021,35,"1,673","1,708"
,Dec - 2021,42,"1,493","1,535"
,Jan - 2022,56,"2,018","2,074"
,Feb - 2022,59,"1,677","1,736"
,Mar - 2022,50,"2,028","2,078"
,Apr - 2022,46,"1,820","1,866"
,May - 2022,46,"1,727","1,773"
,Jun - 2022,44,"1,676","1,720"
,Jul - 2022,50,"1,665","1,715"
,Aug - 2022,62,"1,820","1,882"
,Sep - 2022,51,"1,609","1,660"
,Oct - 2022,51,"1,732","1,783"
,Nov - 2022,49,"1,597","1,646"
,Dec - 2022,41,"1,438","1,479"
,Jan - 2023,58,"2,145","2,203"
,Feb - 2023,52,"1,843","1,895"
,Mar - 2023,63,"2,157","2,220"
,Apr - 2023,54,"1,855","1,909"
,May - 2023,49,"2,050","2,099"
,Jun - 2023,62,"2,338","2,400"
,Jul - 2023,63,"1,969","2,032"
,Aug - 2023,62,"1,844","1,906"
,Sep - 2023,43,"1,623","1,666"
,Oct - 2023,45,"1,705","1,750"
,Nov - 2023,47,"1,560","1,607"
,Dec - 2023,37,"1,520","1,557"
,Jan - 2024,60,"1,900","1,960"
,Feb - 2024,64,"1,767","1,831"
,Mar - 2024,61,"1,842","1,903"
,Apr - 2024,49,"1,863","1,912"
,May - 2024,45,"1,620","1,665"
,Jun - 2024,49,"1,463","1,512"
,Jul - 2024,55,"1,640","1,695"
,Aug - 2024,57,"1,783","1,840"
,Sep - 2024,50,"1,658","1,708"
,Oct - 2024,50,"1,647","1,697"
,Nov - 2024,30,"1,387","1,417"
,Dec - 2024,43,"1,372","1,415"
26G - Hacking/Computer Invasion,Jan - 2019,5,26,31
,Feb - 2019,2,32,34
,Mar - 2019,,25,25
,Apr - 2019,4,23,27
,May - 2019,1,31,32
,Jun - 2019,2,23,25
,Jul - 2019,1,23,24
,Aug - 2019,2,22,24
,Sep - 2019,,25,25
,Oct - 2019,2,27,29
,Nov - 2019,2,21,23
,Dec - 2019,4,30,34
,Jan - 2020,5,37,42
,Feb - 2020,1,37,38
,Mar - 2020,3,37,40
,Apr - 2020,12,49,61
,May - 2020,3,27,30
,Jun - 2020,,46,46
,Jul - 2020,4,38,42
,Aug - 2020,2,40,42
,Sep - 2020,6,58,64
,Oct - 2020,2,45,47
,Nov - 2020,2,70,72
,Dec - 2020,4,34,38
,Jan - 2021,1,73,74
,Feb - 2021,7,59,66
,Mar - 2021,5,69,74
,Apr - 2021,7,73,80
,May - 2021,4,57,61
,Jun - 2021,6,69,75
,Jul - 2021,5,62,67
,Aug - 2021,6,79,85
,Sep - 2021,3,63,66
,Oct - 2021,3,78,81
,Nov - 2021,5,60,65
,Dec - 2021,5,73,78
,Jan - 2022,5,53,58
,Feb - 2022,6,60,66
,Mar - 2022,10,73,83
,Apr - 2022,2,76,78
,May - 2022,6,78,84
,Jun - 2022,3,89,92
,Jul - 2022,7,74,81
,Aug - 2022,9,84,93
,Sep - 2022,7,74,81
,Oct - 2022,9,82,91
,Nov - 2022,3,69,72
,Dec - 2022,4,66,70
,Jan - 2023,7,70,77
,Feb - 2023,6,78,84
,Mar - 2023,7,85,92
,Apr - 2023,8,88,96
,May - 2023,8,102,110
,Jun - 2023,10,70,80
,Jul - 2023,6,74,80
,Aug - 2023,7,88,95
,Sep - 2023,7,92,99
,Oct - 2023,7,96,103
,Nov - 2023,10,93,103
,Dec - 2023,1,66,67
,Jan - 2024,4,81,85
,Feb - 2024,8,94,102
,Mar - 2024,3,99,102
,Apr - 2024,12,78,90
,May - 2024,8,82,90
,Jun - 2024,8,78,86
,Jul - 2024,6,95,101
,Aug - 2024,10,99,109
,Sep - 2024,10,102,112
,Oct - 2024,6,78,84
,Nov - 2024,4,66,70
,Dec - 2024,6,81,87
270 - Embezzlement,Jan - 2019,1,207,208
,Feb - 2019,1,171,172
,Mar - 2019,1,169,170
,Apr - 2019,2,206,208
,May - 2019,1,174,175
,Jun - 2019,,205,205
,Jul - 2019,1,203,204
,Aug - 2019,4,221,225
,Sep - 2019,2,233,235
,Oct - 2019,3,219,222
,Nov - 2019,,225,225
,Dec - 2019,5,217,222
,Jan - 2020,2,243,245
,Feb - 2020,1,192,193
,Mar - 2020,2,185,187
,Apr - 2020,1,143,144
,May - 2020,1,148,149
,Jun - 2020,,159,159
,Jul - 2020,,194,194
,Aug - 2020,1,180,181
,Sep - 2020,1,172,173
,Oct - 2020,1,180,181
,Nov - 2020,1,186,187
,Dec - 2020,,197,197
,Jan - 2021,2,231,233
,Feb - 2021,,157,157
,Mar - 2021,,176,176
,Apr - 2021,1,197,198
,May - 2021,,192,192
,Jun - 2021,,226,226
,Jul - 2021,,212,212
,Aug - 2021,2,259,261
,Sep - 2021,,242,242
,Oct - 2021,1,225,226
,Nov - 2021,2,222,224
,Dec - 2021,4,229,233
,Jan - 2022,2,273,275
,Feb - 2022,,235,235
,Mar - 2022,7,286,293
,Apr - 2022,2,304,306
,May - 2022,2,283,285
,Jun - 2022,6,263,269
,Jul - 2022,2,250,252
,Aug - 2022,3,277,280
,Sep - 2022,2,285,287
,Oct - 2022,3,268,271
,Nov - 2022,5,287,292
,Dec - 2022,4,206,210
,Jan - 2023,3,309,312
,Feb - 2023,2,215,217
,Mar - 2023,1,260,261
,Apr - 2023,1,249,250
,May - 2023,,256,256
,Jun - 2023,,260,260
,Jul - 2023,4,249,253
,Aug - 2023,2,268,270
,Sep - 2023,1,257,258
,Oct - 2023,1,215,216
,Nov - 2023,,228,228
,Dec - 2023,1,223,224
,Jan - 2024,1,222,223
,Feb - 2024,1,194,195
,Mar - 2024,3,209,212
,Apr - 2024,,192,192
,May - 2024,1,191,192
,Jun - 2024,2,193,195
,Jul - 2024,1,213,214
,Aug - 2024,2,196,198
,Sep - 2024,4,176,180
,Oct - 2024,4,170,174
,Nov - 2024,1,190,191
,Dec - 2024,1,168,169
280 - Stolen Property Offenses,Jan - 2019,1,119,120
,Feb - 2019,,121,121
,Mar - 2019,1,155,156
,Apr - 2019,,142,142
,May - 2019,2,147,149
,Jun - 2019,,160,160
,Jul - 2019,1,159,160
,Aug - 2019,5,168,173
,Sep - 2019,2,181,183
,Oct - 2019,5,172,177
,Nov - 2019,2,191,193
,Dec - 2019,1,197,198
,Jan - 2020,5,249,254
,Feb - 2020,1,233,234
,Mar - 2020,1,249,250
,Apr - 2020,2,260,262
,May - 2020,2,313,315
,Jun - 2020,2,268,270
,Jul - 2020,2,247,249
,Aug - 2020,2,329,331
,Sep - 2020,3,276,279
,Oct - 2020,2,359,361
,Nov - 2020,3,309,312
,Dec - 2020,6,324,330
,Jan - 2021,,406,406
,Feb - 2021,5,268,273
,Mar - 2021,3,368,371
,Apr - 2021,3,339,342
,May - 2021,,330,330
,Jun - 2021,3,397,400
,Jul - 2021,3,398,401
,Aug - 2021,4,378,382
,Sep - 2021,3,373,376
,Oct - 2021,4,436,440
,Nov - 2021,2,407,409
,Dec - 2021,2,373,375
,Jan - 2022,4,419,423
,Feb - 2022,2,375,377
,Mar - 2022,5,419,424
,Apr - 2022,3,406,409
,May - 2022,4,436,440
,Jun - 2022,5,441,446
,Jul - 2022,4,497,501
,Aug - 2022,2,502,504
,Sep - 2022,2,478,480
,Oct - 2022,6,440,446
,Nov - 2022,3,389,392
,Dec - 2022,2,380,382
,Jan - 2023,1,453,454
,Feb - 2023,5,422,427
,Mar - 2023,4,510,514
,Apr - 2023,5,454,459
,May - 2023,5,500,505
,Jun - 2023,4,473,477
,Jul - 2023,2,578,580
,Aug - 2023,6,423,429
,Sep - 2023,2,432,434
,Oct - 2023,3,439,442
,Nov - 2023,4,412,416
,Dec - 2023,5,442,447
,Jan - 2024,1,417,418
,Feb - 2024,7,369,376
,Mar - 2024,2,426,428
,Apr - 2024,5,426,431
,May - 2024,5,398,403
,Jun - 2024,1,444,445
,Jul - 2024,4,373,377
,Aug - 2024,2,426,428
,Sep - 2024,6,403,409
,Oct - 2024,9,439,448
,Nov - 2024,8,404,412
,Dec - 2024,7,363,370
290 - Destruction/Damage/Vandalism of Property,Jan - 2019,56,"6,590","6,646"
,Feb - 2019,41,"5,677","5,718"
,Mar - 2019,69,"7,111","7,180"
,Apr - 2019,57,"7,094","7,151"
,May - 2019,81,"8,255","8,336"
,Jun - 2019,82,"8,080","8,162"
,Jul - 2019,58,"8,193","8,251"
,Aug - 2019,58,"8,526","8,584"
,Sep - 2019,80,"8,355","8,435"
,Oct - 2019,92,"8,682","8,774"
,Nov - 2019,101,"8,164","8,265"
,Dec - 2019,78,"8,803","8,881"
,Jan - 2020,38,"8,889","8,927"
,Feb - 2020,39,"10,103","10,142"
,Mar - 2020,29,"10,843","10,872"
,Apr - 2020,39,"9,966","10,005"
,May - 2020,49,"11,776","11,825"
,Jun - 2020,53,"12,411","12,464"
,Jul - 2020,38,"12,033","12,071"
,Aug - 2020,50,"12,197","12,247"
,Sep - 2020,53,"11,385","11,438"
,Oct - 2020,59,"11,831","11,890"
,Nov - 2020,87,"12,436","12,523"
,Dec - 2020,77,"12,890","12,967"
,Jan - 2021,84,"13,458","13,542"
,Feb - 2021,54,"11,101","11,155"
,Mar - 2021,63,"13,070","13,133"
,Apr - 2021,55,"13,555","13,610"
,May - 2021,69,"14,544","14,613"
,Jun - 2021,71,"14,169","14,240"
,Jul - 2021,84,"15,028","15,112"
,Aug - 2021,78,"14,346","14,424"
,Sep - 2021,53,"13,984","14,037"
,Oct - 2021,81,"14,633","14,714"
,Nov - 2021,70,"13,697","13,767"
,Dec - 2021,71,"14,332","14,403"
,Jan - 2022,61,"13,335","13,396"
,Feb - 2022,69,"12,278","12,347"
,Mar - 2022,56,"13,961","14,017"
,Apr - 2022,77,"14,096","14,173"
,May - 2022,75,"15,437","15,512"
,Jun - 2022,80,"14,335","14,415"
,Jul - 2022,72,"14,850","14,922"
,Aug - 2022,84,"13,838","13,922"
,Sep - 2022,72,"13,392","13,464"
,Oct - 2022,95,"13,540","13,635"
,Nov - 2022,89,"12,393","12,482"
,Dec - 2022,134,"13,100","13,234"
,Jan - 2023,103,"13,401","13,504"
,Feb - 2023,99,"12,069","12,168"
,Mar - 2023,87,"14,033","14,120"
,Apr - 2023,106,"13,719","13,825"
,May - 2023,123,"14,714","14,837"
,Jun - 2023,109,"14,717","14,826"
,Jul - 2023,119,"15,432","15,551"
,Aug - 2023,104,"14,003","14,107"
,Sep - 2023,112,"13,793","13,905"
,Oct - 2023,109,"14,530","14,639"
,Nov - 2023,97,"13,112","13,209"
,Dec - 2023,117,"14,081","14,198"
,Jan - 2024,102,"13,193","13,295"
,Feb - 2024,113,"13,063","13,176"
,Mar - 2024,86,"14,296","14,382"
,Apr - 2024,80,"14,528","14,608"
,May - 2024,106,"14,898","15,004"
,Jun - 2024,121,"14,345","14,466"
,Jul - 2024,118,"14,392","14,510"
,Aug - 2024,107,"13,892","13,999"
,Sep - 2024,108,"13,544","13,652"
,Oct - 2024,106,"13,315","13,421"
,Nov - 2024,116,"12,283","12,399"
,Dec - 2024,133,"12,349","12,482"
35A - Drug/Narcotic Violations,Jan - 2019,11,"6,952","6,963"
,Feb - 2019,15,"6,555","6,570"
,Mar - 2019,22,"7,486","7,508"
,Apr - 2019,20,"6,855","6,875"
,May - 2019,8,"7,223","7,231"
,Jun - 2019,11,"6,205","6,216"
,Jul - 2019,5,"6,476","6,481"
,Aug - 2019,14,"6,943","6,957"
,Sep - 2019,12,"6,809","6,821"
,Oct - 2019,18,"6,859","6,877"
,Nov - 2019,8,"6,732","6,740"
,Dec - 2019,6,"6,903","6,909"
,Jan - 2020,9,"7,886","7,895"
,Feb - 2020,5,"8,343","8,348"
,Mar - 2020,12,"7,353","7,365"
,Apr - 2020,11,"5,665","5,676"
,May - 2020,12,"8,214","8,226"
,Jun - 2020,11,"6,209","6,220"
,Jul - 2020,10,"6,479","6,489"
,Aug - 2020,11,"8,204","8,215"
,Sep - 2020,24,"8,417","8,441"
,Oct - 2020,20,"8,625","8,645"
,Nov - 2020,22,"9,032","9,054"
,Dec - 2020,32,"8,539","8,571"
,Jan - 2021,32,"10,999","11,031"
,Feb - 2021,17,"8,714","8,731"
,Mar - 2021,28,"13,384","13,412"
,Apr - 2021,45,"12,982","13,027"
,May - 2021,34,"11,941","11,975"
,Jun - 2021,33,"11,365","11,398"
,Jul - 2021,21,"11,048","11,069"
,Aug - 2021,28,"10,464","10,492"
,Sep - 2021,25,"10,235","10,260"
,Oct - 2021,22,"10,884","10,906"
,Nov - 2021,21,"10,225","10,246"
,Dec - 2021,14,"10,242","10,256"
,Jan - 2022,25,"10,775","10,800"
,Feb - 2022,23,"10,600","10,623"
,Mar - 2022,26,"12,951","12,977"
,Apr - 2022,16,"12,638","12,654"
,May - 2022,30,"12,214","12,244"
,Jun - 2022,22,"10,541","10,563"
,Jul - 2022,29,"10,637","10,666"
,Aug - 2022,19,"11,475","11,494"
,Sep - 2022,31,"11,588","11,619"
,Oct - 2022,19,"11,540","11,559"
,Nov - 2022,28,"10,287","10,315"
,Dec - 2022,19,"10,476","10,495"
,Jan - 2023,26,"12,643","12,669"
,Feb - 2023,23,"12,105","12,128"
,Mar - 2023,18,"13,508","13,526"
,Apr - 2023,26,"12,380","12,406"
,May - 2023,31,"12,050","12,081"
,Jun - 2023,29,"10,369","10,398"
,Jul - 2023,18,"10,252","10,270"
,Aug - 2023,32,"11,242","11,274"
,Sep - 2023,30,"11,461","11,491"
,Oct - 2023,37,"11,258","11,295"
,Nov - 2023,25,"10,527","10,552"
,Dec - 2023,27,"10,653","10,680"
,Jan - 2024,24,"11,626","11,650"
,Feb - 2024,19,"12,182","12,201"
,Mar - 2024,28,"12,775","12,803"
,Apr - 2024,37,"13,243","13,280"
,May - 2024,48,"12,297","12,345"
,Jun - 2024,22,"10,955","10,977"
,Jul - 2024,24,"10,900","10,924"
,Aug - 2024,24,"11,883","11,907"
,Sep - 2024,20,"11,925","11,945"
,Oct - 2024,32,"12,221","12,253"
,Nov - 2024,20,"10,852","10,872"
,Dec - 2024,14,"10,583","10,597"
35B - Drug Equipment Violations,Jan - 2019,5,"2,069","2,074"
,Feb - 2019,2,"1,908","1,910"
,Mar - 2019,3,"2,285","2,288"
,Apr - 2019,3,"2,241","2,244"
,May - 2019,3,"2,380","2,383"
,Jun - 2019,,"2,091","2,091"
,Jul - 2019,2,"2,296","2,298"
,Aug - 2019,3,"2,568","2,571"
,Sep - 2019,2,"2,332","2,334"
,Oct - 2019,1,"2,489","2,490"
,Nov - 2019,2,"2,526","2,528"
,Dec - 2019,5,"2,736","2,741"
,Jan - 2020,4,"3,363","3,367"
,Feb - 2020,3,"3,481","3,484"
,Mar - 2020,5,"2,797","2,802"
,Apr - 2020,3,"2,048","2,051"
,May - 2020,1,"3,183","3,184"
,Jun - 2020,1,"2,387","2,388"
,Jul - 2020,3,"2,418","2,421"
,Aug - 2020,5,"2,961","2,966"
,Sep - 2020,4,"2,814","2,818"
,Oct - 2020,5,"3,071","3,076"
,Nov - 2020,5,"3,003","3,008"
,Dec - 2020,4,"2,966","2,970"
,Jan - 2021,9,"3,619","3,628"
,Feb - 2021,2,"2,901","2,903"
,Mar - 2021,6,"4,125","4,131"
,Apr - 2021,7,"4,104","4,111"
,May - 2021,6,"3,965","3,971"
,Jun - 2021,12,"3,725","3,737"
,Jul - 2021,5,"3,884","3,889"
,Aug - 2021,6,"3,653","3,659"
,Sep - 2021,4,"3,510","3,514"
,Oct - 2021,6,"3,765","3,771"
,Nov - 2021,10,"3,617","3,627"
,Dec - 2021,5,"3,453","3,458"
,Jan - 2022,4,"3,633","3,637"
,Feb - 2022,2,"3,561","3,563"
,Mar - 2022,10,"4,380","4,390"
,Apr - 2022,7,"4,120","4,127"
,May - 2022,8,"3,958","3,966"
,Jun - 2022,7,"3,579","3,586"
,Jul - 2022,4,"3,714","3,718"
,Aug - 2022,2,"3,949","3,951"
,Sep - 2022,4,"3,835","3,839"
,Oct - 2022,4,"3,967","3,971"
,Nov - 2022,5,"3,418","3,423"
,Dec - 2022,6,"3,445","3,451"
,Jan - 2023,7,"4,035","4,042"
,Feb - 2023,7,"3,609","3,616"
,Mar - 2023,5,"4,152","4,157"
,Apr - 2023,7,"3,873","3,880"
,May - 2023,4,"3,710","3,714"
,Jun - 2023,5,"3,611","3,616"
,Jul - 2023,4,"3,497","3,501"
,Aug - 2023,8,"3,657","3,665"
,Sep - 2023,1,"3,486","3,487"
,Oct - 2023,4,"3,382","3,386"
,Nov - 2023,1,"3,231","3,232"
,Dec - 2023,2,"3,182","3,184"
,Jan - 2024,2,"3,279","3,281"
,Feb - 2024,3,"3,611","3,614"
,Mar - 2024,8,"3,805","3,813"
,Apr - 2024,4,"3,641","3,645"
,May - 2024,4,"3,627","3,631"
,Jun - 2024,2,"3,496","3,498"
,Jul - 2024,6,"3,613","3,619"
,Aug - 2024,6,"3,672","3,678"
,Sep - 2024,8,"3,566","3,574"
,Oct - 2024,8,"3,559","3,567"
,Nov - 2024,5,"3,221","3,226"
,Dec - 2024,9,"3,180","3,189"
36A - Incest,Jan - 2019,,5,5
,Feb - 2019,,2,2
,Mar - 2019,,5,5
,Apr - 2019,,7,7
,May - 2019,,3,3
,Jun - 2019,,1,1
,Jul - 2019,,2,2
,Aug - 2019,,3,3
,Sep - 2019,,4,4
,Oct - 2019,,4,4
,Nov - 2019,,3,3
,Dec - 2019,,2,2
,Jan - 2020,,5,5
,Feb - 2020,,5,5
,Mar - 2020,,9,9
,Apr - 2020,,2,2
,May - 2020,,7,7
,Jun - 2020,,9,9
,Jul - 2020,,9,9
,Aug - 2020,,18,18
,Sep - 2020,,10,10
,Oct - 2020,,9,9
,Nov - 2020,,7,7
,Dec - 2020,,2,2
,Jan - 2021,1,8,9
,Feb - 2021,,9,9
,Mar - 2021,,17,17
,Apr - 2021,1,16,17
,May - 2021,,13,13
,Jun - 2021,1,15,16
,Jul - 2021,1,11,12
,Aug - 2021,,10,10
,Sep - 2021,,7,7
,Oct - 2021,,10,10
,Nov - 2021,1,7,8
,Dec - 2021,,4,4
,Jan - 2022,,15,15
,Feb - 2022,,6,6
,Mar - 2022,,9,9
,Apr - 2022,1,3,4
,May - 2022,1,5,6
,Jun - 2022,1,5,6
,Jul - 2022,,8,8
,Aug - 2022,,7,7
,Sep - 2022,,4,4
,Oct - 2022,,11,11
,Nov - 2022,,3,3
,Dec - 2022,1,2,3
,Jan - 2023,,9,9
,Feb - 2023,,3,3
,Mar - 2023,,1,1
,Apr - 2023,,,0
,May - 2023,,,0
,Jun - 2023,,3,3
,Jul - 2023,,2,2
,Aug - 2023,,3,3
,Sep - 2023,,3,3
,Oct - 2023,,1,1
,Nov - 2023,,4,4
,Dec - 2023,,2,2
,Jan - 2024,,1,1
,Feb - 2024,,2,2
,Mar - 2024,,,0
,Apr - 2024,,4,4
,May - 2024,,2,2
,Jun - 2024,,2,2
,Jul - 2024,,1,1
,Aug - 2024,,4,4
,Sep - 2024,,2,2
,Oct - 2024,,2,2
,Nov - 2024,,1,1
,Dec - 2024,,2,2
370 - Pornography/Obscene Material,Jan - 2019,3,224,227
,Feb - 2019,3,191,194
,Mar - 2019,2,200,202
,Apr - 2019,2,226,228
,May - 2019,8,227,235
,Jun - 2019,3,136,139
,Jul - 2019,3,192,195
,Aug - 2019,2,227,229
,Sep - 2019,3,251,254
,Oct - 2019,4,265,269
,Nov - 2019,4,211,215
,Dec - 2019,3,195,198
,Jan - 2020,2,313,315
,Feb - 2020,7,300,307
,Mar - 2020,2,305,307
,Apr - 2020,4,315,319
,May - 2020,3,295,298
,Jun - 2020,8,300,308
,Jul - 2020,5,280,285
,Aug - 2020,8,280,288
,Sep - 2020,8,343,351
,Oct - 2020,3,337,340
,Nov - 2020,10,305,315
,Dec - 2020,6,349,355
,Jan - 2021,12,442,454
,Feb - 2021,10,390,400
,Mar - 2021,10,464,474
,Apr - 2021,13,457,470
,May - 2021,11,439,450
,Jun - 2021,12,391,403
,Jul - 2021,9,384,393
,Aug - 2021,7,384,391
,Sep - 2021,13,437,450
,Oct - 2021,8,445,453
,Nov - 2021,10,446,456
,Dec - 2021,13,405,418
,Jan - 2022,16,515,531
,Feb - 2022,13,447,460
,Mar - 2022,13,423,436
,Apr - 2022,13,482,495
,May - 2022,10,431,441
,Jun - 2022,10,433,443
,Jul - 2022,10,418,428
,Aug - 2022,7,465,472
,Sep - 2022,18,449,467
,Oct - 2022,13,403,416
,Nov - 2022,8,345,353
,Dec - 2022,9,426,435
,Jan - 2023,17,466,483
,Feb - 2023,9,408,417
,Mar - 2023,7,445,452
,Apr - 2023,7,439,446
,May - 2023,8,491,499
,Jun - 2023,6,398,404
,Jul - 2023,7,396,403
,Aug - 2023,16,466,482
,Sep - 2023,9,538,547
,Oct - 2023,16,546,562
,Nov - 2023,13,425,438
,Dec - 2023,12,410,422
,Jan - 2024,12,516,528
,Feb - 2024,12,484,496
,Mar - 2024,17,510,527
,Apr - 2024,14,528,542
,May - 2024,8,549,557
,Jun - 2024,8,488,496
,Jul - 2024,13,501,514
,Aug - 2024,16,582,598
,Sep - 2024,14,572,586
,Oct - 2024,20,569,589
,Nov - 2024,17,484,501
,Dec - 2024,13,498,511
39A - Betting/Wagering,Jan - 2019,,5,5
,Feb - 2019,,2,2
,Mar - 2019,,3,3
,Apr - 2019,,2,2
,May - 2019,2,5,7
,Jun - 2019,1,2,3
,Jul - 2019,1,6,7
,Aug - 2019,1,6,7
,Sep - 2019,1,6,7
,Oct - 2019,1,6,7
,Nov - 2019,3,5,8
,Dec - 2019,1,5,6
,Jan - 2020,,10,10
,Feb - 2020,2,12,14
,Mar - 2020,1,6,7
,Apr - 2020,,13,13
,May - 2020,3,13,16
,Jun - 2020,,1,1
,Jul - 2020,3,9,12
,Aug - 2020,,9,9
,Sep - 2020,,10,10
,Oct - 2020,1,12,13
,Nov - 2020,,8,8
,Dec - 2020,,14,14
,Jan - 2021,2,7,9
,Feb - 2021,,7,7
,Mar - 2021,,18,18
,Apr - 2021,,11,11
,May - 2021,3,10,13
,Jun - 2021,2,12,14
,Jul - 2021,1,10,11
,Aug - 2021,,8,8
,Sep - 2021,1,8,9
,Oct - 2021,,12,12
,Nov - 2021,,12,12
,Dec - 2021,,6,6
,Jan - 2022,,9,9
,Feb - 2022,1,7,8
,Mar - 2022,,16,16
,Apr - 2022,1,4,5
,May - 2022,,9,9
,Jun - 2022,,12,12
,Jul - 2022,4,18,22
,Aug - 2022,3,6,9
,Sep - 2022,1,33,34
,Oct - 2022,,12,12
,Nov - 2022,,8,8
,Dec - 2022,,4,4
,Jan - 2023,2,5,7
,Feb - 2023,2,7,9
,Mar - 2023,2,12,14
,Apr - 2023,,9,9
,May - 2023,,9,9
,Jun - 2023,1,7,8
,Jul - 2023,,13,13
,Aug - 2023,2,19,21
,Sep - 2023,1,14,15
,Oct - 2023,,10,10
,Nov - 2023,2,11,13
,Dec - 2023,,14,14
,Jan - 2024,,22,22
,Feb - 2024,,14,14
,Mar - 2024,,12,12
,Apr - 2024,,16,16
,May - 2024,1,8,9
,Jun - 2024,,10,10
,Jul - 2024,,13,13
,Aug - 2024,,25,25
,Sep - 2024,,10,10
,Oct - 2024,1,13,14
,Nov - 2024,,6,6
,Dec - 2024,,9,9
39B - Operating/Promoting/Assisting Gambling,Jan - 2019,1,25,26
,Feb - 2019,2,13,15
,Mar - 2019,1,12,13
,Apr - 2019,1,10,11
,May - 2019,2,10,12
,Jun - 2019,4,10,14
,Jul - 2019,2,8,10
,Aug - 2019,,13,13
,Sep - 2019,,13,13
,Oct - 2019,,7,7
,Nov - 2019,3,14,17
,Dec - 2019,1,17,18
,Jan - 2020,1,13,14
,Feb - 2020,1,12,13
,Mar - 2020,1,11,12
,Apr - 2020,,5,5
,May - 2020,1,4,5
,Jun - 2020,2,11,13
,Jul - 2020,1,19,20
,Aug - 2020,,21,21
,Sep - 2020,,14,14
,Oct - 2020,2,16,18
,Nov - 2020,2,8,10
,Dec - 2020,,13,13
,Jan - 2021,3,11,14
,Feb - 2021,,4,4
,Mar - 2021,1,10,11
,Apr - 2021,3,17,20
,May - 2021,2,18,20
,Jun - 2021,3,15,18
,Jul - 2021,,17,17
,Aug - 2021,3,10,13
,Sep - 2021,2,29,31
,Oct - 2021,1,13,14
,Nov - 2021,1,8,9
,Dec - 2021,1,10,11
,Jan - 2022,1,13,14
,Feb - 2022,2,22,24
,Mar - 2022,5,19,24
,Apr - 2022,,20,20
,May - 2022,1,22,23
,Jun - 2022,1,16,17
,Jul - 2022,3,28,31
,Aug - 2022,,25,25
,Sep - 2022,1,24,25
,Oct - 2022,2,17,19
,Nov - 2022,1,12,13
,Dec - 2022,1,13,14
,Jan - 2023,1,7,8
,Feb - 2023,,11,11
,Mar - 2023,,12,12
,Apr - 2023,1,13,14
,May - 2023,1,16,17
,Jun - 2023,3,9,12
,Jul - 2023,5,7,12
,Aug - 2023,,15,15
,Sep - 2023,1,12,13
,Oct - 2023,2,8,10
,Nov - 2023,1,22,23
,Dec - 2023,3,5,8
,Jan - 2024,,22,22
,Feb - 2024,1,16,17
,Mar - 2024,1,15,16
,Apr - 2024,2,6,8
,May - 2024,2,14,16
,Jun - 2024,,11,11
,Jul - 2024,1,25,26
,Aug - 2024,3,23,26
,Sep - 2024,9,27,36
,Oct - 2024,5,22,27
,Nov - 2024,5,13,18
,Dec - 2024,6,11,17
39C - Gambling Equipment Violations,Jan - 2019,,6,6
,Feb - 2019,1,6,7
,Mar - 2019,,6,6
,Apr - 2019,1,1,2
,May - 2019,1,2,3
,Jun - 2019,1,3,4
,Jul - 2019,1,3,4
,Aug - 2019,,10,10
,Sep - 2019,2,2,4
,Oct - 2019,1,5,6
,Nov - 2019,,4,4
,Dec - 2019,1,6,7
,Jan - 2020,,7,7
,Feb - 2020,5,9,14
,Mar - 2020,3,6,9
,Apr - 2020,,5,5
,May - 2020,1,5,6
,Jun - 2020,1,6,7
,Jul - 2020,5,8,13
,Aug - 2020,,8,8
,Sep - 2020,3,11,14
,Oct - 2020,,15,15
,Nov - 2020,,2,2
,Dec - 2020,3,1,4
,Jan - 2021,2,11,13
,Feb - 2021,3,4,7
,Mar - 2021,1,12,13
,Apr - 2021,1,12,13
,May - 2021,2,5,7
,Jun - 2021,4,18,22
,Jul - 2021,1,19,20
,Aug - 2021,1,2,3
,Sep - 2021,3,11,14
,Oct - 2021,2,10,12
,Nov - 2021,,7,7
,Dec - 2021,,15,15
,Jan - 2022,2,22,24
,Feb - 2022,2,26,28
,Mar - 2022,7,24,31
,Apr - 2022,,20,20
,May - 2022,1,15,16
,Jun - 2022,3,10,13
,Jul - 2022,1,21,22
,Aug - 2022,2,22,24
,Sep - 2022,3,24,27
,Oct - 2022,3,18,21
,Nov - 2022,,11,11
,Dec - 2022,,11,11
,Jan - 2023,3,6,9
,Feb - 2023,,15,15
,Mar - 2023,6,26,32
,Apr - 2023,1,9,10
,May - 2023,2,21,23
,Jun - 2023,,12,12
,Jul - 2023,2,9,11
,Aug - 2023,9,22,31
,Sep - 2023,,13,13
,Oct - 2023,1,14,15
,Nov - 2023,6,29,35
,Dec - 2023,9,21,30
,Jan - 2024,5,21,26
,Feb - 2024,,33,33
,Mar - 2024,,15,15
,Apr - 2024,2,16,18
,May - 2024,2,14,16
,Jun - 2024,,12,12
,Jul - 2024,2,19,21
,Aug - 2024,,12,12
,Sep - 2024,4,17,21
,Oct - 2024,2,29,31
,Nov - 2024,,14,14
,Dec - 2024,2,12,14
39D - Sports Tampering,Jan - 2019,,,0
,Feb - 2019,,,0
,Mar - 2019,,,0
,Apr - 2019,,,0
,May - 2019,,,0
,Jun - 2019,,,0
,Jul - 2019,,,0
,Aug - 2019,,,0
,Sep - 2019,,,0
,Oct - 2019,,,0
,Nov - 2019,,,0
,Dec - 2019,,,0
,Jan - 2020,,,0
,Feb - 2020,,,0
,Mar - 2020,,,0
,Apr - 2020,,1,1
,May - 2020,,,0
,Jun - 2020,,2,2
,Jul - 2020,,2,2
,Aug - 2020,,1,1
,Sep - 2020,,1,1
,Oct - 2020,,,0
,Nov - 2020,,,0
,Dec - 2020,,,0
,Jan - 2021,,1,1
,Feb - 2021,,,0
,Mar - 2021,,,0
,Apr - 2021,,2,2
,May - 2021,,,0
,Jun - 2021,,,0
,Jul - 2021,,,0
,Aug - 2021,,,0
,Sep - 2021,,1,1
,Oct - 2021,,,0
,Nov - 2021,,,0
,Dec - 2021,,,0
,Jan - 2022,,,0
,Feb - 2022,,,0
,Mar - 2022,,1,1
,Apr - 2022,,,0
,May - 2022,,,0
,Jun - 2022,,,0
,Jul - 2022,,,0
,Aug - 2022,,,0
,Sep - 2022,,,0
,Oct - 2022,,,0
,Nov - 2022,,,0
,Dec - 2022,,,0
,Jan - 2023,,,0
,Feb - 2023,,,0
,Mar - 2023,,,0
,Apr - 2023,,,0
,May - 2023,,,0
,Jun - 2023,,,0
,Jul - 2023,,,0
,Aug - 2023,,,0
,Sep - 2023,,,0
,Oct - 2023,,,0
,Nov - 2023,,,0
,Dec - 2023,,,0
,Jan - 2024,,,0
,Feb - 2024,,,0
,Mar - 2024,,,0
,Apr - 2024,,,0
,May - 2024,,,0
,Jun - 2024,,,0
,Jul - 2024,,,0
,Aug - 2024,,,0
,Sep - 2024,,,0
,Oct - 2024,,,0
,Nov - 2024,,,0
,Dec - 2024,,,0
40A - Prostitution,Jan - 2019,17,155,172
,Feb - 2019,12,79,91
,Mar - 2019,9,147,156
,Apr - 2019,17,120,137
,May - 2019,23,149,172
,Jun - 2019,17,230,247
,Jul - 2019,17,257,274
,Aug - 2019,14,198,212
,Sep - 2019,7,117,124
,Oct - 2019,7,137,144
,Nov - 2019,7,155,162
,Dec - 2019,5,136,141
,Jan - 2020,8,153,161
,Feb - 2020,4,152,156
,Mar - 2020,2,83,85
,Apr - 2020,2,32,34
,May - 2020,1,70,71
,Jun - 2020,1,72,73
,Jul - 2020,1,74,75
,Aug - 2020,10,113,123
,Sep - 2020,6,144,150
,Oct - 2020,2,106,108
,Nov - 2020,5,156,161
,Dec - 2020,7,141,148
,Jan - 2021,3,148,151
,Feb - 2021,3,112,115
,Mar - 2021,3,186,189
,Apr - 2021,2,135,137
,May - 2021,1,133,134
,Jun - 2021,8,188,196
,Jul - 2021,1,118,119
,Aug - 2021,26,111,137
,Sep - 2021,4,213,217
,Oct - 2021,1,151,152
,Nov - 2021,3,113,116
,Dec - 2021,1,89,90
,Jan - 2022,3,89,92
,Feb - 2022,2,88,90
,Mar - 2022,3,146,149
,Apr - 2022,1,162,163
,May - 2022,3,136,139
,Jun - 2022,4,133,137
,Jul - 2022,5,83,88
,Aug - 2022,3,122,125
,Sep - 2022,2,158,160
,Oct - 2022,2,139,141
,Nov - 2022,1,87,88
,Dec - 2022,1,99,100
,Jan - 2023,7,189,196
,Feb - 2023,5,191,196
,Mar - 2023,8,163,171
,Apr - 2023,8,194,202
,May - 2023,5,121,126
,Jun - 2023,4,292,296
,Jul - 2023,3,234,237
,Aug - 2023,6,177,183
,Sep - 2023,4,244,248
,Oct - 2023,3,153,156
,Nov - 2023,4,116,120
,Dec - 2023,4,130,134
,Jan - 2024,6,156,162
,Feb - 2024,2,122,124
,Mar - 2024,6,91,97
,Apr - 2024,5,120,125
,May - 2024,6,181,187
,Jun - 2024,13,191,204
,Jul - 2024,5,149,154
,Aug - 2024,2,150,152
,Sep - 2024,5,104,109
,Oct - 2024,2,122,124
,Nov - 2024,8,180,188
,Dec - 2024,3,119,122
40B - Assisting or Promoting Prostitution,Jan - 2019,1,16,17
,Feb - 2019,2,11,13
,Mar - 2019,2,17,19
,Apr - 2019,,14,14
,May - 2019,,26,26
,Jun - 2019,2,25,27
,Jul - 2019,,33,33
,Aug - 2019,2,17,19
,Sep - 2019,,25,25
,Oct - 2019,1,32,33
,Nov - 2019,1,17,18
,Dec - 2019,,15,15
,Jan - 2020,1,31,32
,Feb - 2020,1,18,19
,Mar - 2020,1,20,21
,Apr - 2020,,19,19
,May - 2020,1,21,22
,Jun - 2020,2,17,19
,Jul - 2020,5,15,20
,Aug - 2020,3,29,32
,Sep - 2020,,27,27
,Oct - 2020,2,20,22
,Nov - 2020,,14,14
,Dec - 2020,1,23,24
,Jan - 2021,,18,18
,Feb - 2021,,19,19
,Mar - 2021,1,18,19
,Apr - 2021,,37,37
,May - 2021,,34,34
,Jun - 2021,,25,25
,Jul - 2021,,19,19
,Aug - 2021,,17,17
,Sep - 2021,1,29,30
,Oct - 2021,1,42,43
,Nov - 2021,,22,22
,Dec - 2021,1,12,13
,Jan - 2022,1,21,22
,Feb - 2022,2,27,29
,Mar - 2022,3,22,25
,Apr - 2022,2,16,18
,May - 2022,,31,31
,Jun - 2022,,52,52
,Jul - 2022,1,17,18
,Aug - 2022,1,18,19
,Sep - 2022,1,51,52
,Oct - 2022,1,35,36
,Nov - 2022,1,18,19
,Dec - 2022,,23,23
,Jan - 2023,,66,66
,Feb - 2023,,21,21
,Mar - 2023,1,30,31
,Apr - 2023,1,27,28
,May - 2023,6,33,39
,Jun - 2023,1,52,53
,Jul - 2023,2,28,30
,Aug - 2023,1,69,70
,Sep - 2023,2,24,26
,Oct - 2023,2,34,36
,Nov - 2023,1,23,24
,Dec - 2023,1,37,38
,Jan - 2024,1,45,46
,Feb - 2024,,37,37
,Mar - 2024,2,36,38
,Apr - 2024,,45,45
,May - 2024,,26,26
,Jun - 2024,6,38,44
,Jul - 2024,1,35,36
,Aug - 2024,1,47,48
,Sep - 2024,2,32,34
,Oct - 2024,3,25,28
,Nov - 2024,1,20,21
,Dec - 2024,1,13,14
40C - Purchasing Prostitution,Jan - 2019,7,34,41
,Feb - 2019,2,18,20
,Mar - 2019,2,68,70
,Apr - 2019,3,21,24
,May - 2019,11,37,48
,Jun - 2019,,36,36
,Jul - 2019,6,43,49
,Aug - 2019,7,19,26
,Sep - 2019,6,10,16
,Oct - 2019,6,25,31
,Nov - 2019,2,27,29
,Dec - 2019,,20,20
,Jan - 2020,1,85,86
,Feb - 2020,,33,33
,Mar - 2020,1,34,35
,Apr - 2020,,2,2
,May - 2020,,13,13
,Jun - 2020,,5,5
,Jul - 2020,1,52,53
,Aug - 2020,,45,45
,Sep - 2020,,14,14
,Oct - 2020,1,18,19
,Nov - 2020,1,43,44
,Dec - 2020,,39,39
,Jan - 2021,1,40,41
,Feb - 2021,,34,34
,Mar - 2021,,44,44
,Apr - 2021,3,63,66
,May - 2021,,53,53
,Jun - 2021,,80,80
,Jul - 2021,1,50,51
,Aug - 2021,2,48,50
,Sep - 2021,1,106,107
,Oct - 2021,3,189,192
,Nov - 2021,1,40,41
,Dec - 2021,,86,86
,Jan - 2022,1,81,82
,Feb - 2022,,48,48
,Mar - 2022,1,133,134
,Apr - 2022,,113,113
,May - 2022,4,93,97
,Jun - 2022,,76,76
,Jul - 2022,1,22,23
,Aug - 2022,1,61,62
,Sep - 2022,2,91,93
,Oct - 2022,3,114,117
,Nov - 2022,1,46,47
,Dec - 2022,2,30,32
,Jan - 2023,,123,123
,Feb - 2023,2,135,137
,Mar - 2023,1,111,112
,Apr - 2023,16,116,132
,May - 2023,4,69,73
,Jun - 2023,,119,119
,Jul - 2023,2,58,60
,Aug - 2023,,106,106
,Sep - 2023,2,186,188
,Oct - 2023,,80,80
,Nov - 2023,1,86,87
,Dec - 2023,,45,45
,Jan - 2024,1,52,53
,Feb - 2024,1,48,49
,Mar - 2024,,96,96
,Apr - 2024,1,98,99
,May - 2024,1,80,81
,Jun - 2024,2,117,119
,Jul - 2024,2,89,91
,Aug - 2024,,65,65
,Sep - 2024,1,58,59
,Oct - 2024,,47,47
,Nov - 2024,2,60,62
,Dec - 2024,3,110,113
510 - Bribery,Jan - 2019,2,5,7
,Feb - 2019,,2,2
,Mar - 2019,,4,4
,Apr - 2019,1,3,4
,May - 2019,,,0
,Jun - 2019,3,2,5
,Jul - 2019,,5,5
,Aug - 2019,1,1,2
,Sep - 2019,,8,8
,Oct - 2019,,2,2
,Nov - 2019,1,,1
,Dec - 2019,,3,3
,Jan - 2020,2,6,8
,Feb - 2020,1,6,7
,Mar - 2020,,4,4
,Apr - 2020,1,9,10
,May - 2020,2,2,4
,Jun - 2020,,3,3
,Jul - 2020,,8,8
,Aug - 2020,1,11,12
,Sep - 2020,,6,6
,Oct - 2020,2,4,6
,Nov - 2020,,3,3
,Dec - 2020,1,3,4
,Jan - 2021,,5,5
,Feb - 2021,2,10,12
,Mar - 2021,2,11,13
,Apr - 2021,2,7,9
,May - 2021,,5,5
,Jun - 2021,,12,12
,Jul - 2021,1,9,10
,Aug - 2021,1,7,8
,Sep - 2021,1,12,13
,Oct - 2021,1,8,9
,Nov - 2021,1,8,9
,Dec - 2021,1,5,6
,Jan - 2022,2,14,16
,Feb - 2022,1,5,6
,Mar - 2022,1,6,7
,Apr - 2022,3,8,11
,May - 2022,,7,7
,Jun - 2022,2,2,4
,Jul - 2022,,8,8
,Aug - 2022,,7,7
,Sep - 2022,2,4,6
,Oct - 2022,1,6,7
,Nov - 2022,,10,10
,Dec - 2022,2,9,11
,Jan - 2023,1,8,9
,Feb - 2023,,11,11
,Mar - 2023,4,7,11
,Apr - 2023,2,11,13
,May - 2023,,7,7
,Jun - 2023,3,1,4
,Jul - 2023,1,10,11
,Aug - 2023,2,9,11
,Sep - 2023,3,5,8
,Oct - 2023,3,8,11
,Nov - 2023,2,10,12
,Dec - 2023,3,7,10
,Jan - 2024,,13,13
,Feb - 2024,1,8,9
,Mar - 2024,3,11,14
,Apr - 2024,3,15,18
,May - 2024,1,6,7
,Jun - 2024,1,11,12
,Jul - 2024,1,11,12
,Aug - 2024,3,11,14
,Sep - 2024,1,13,14
,Oct - 2024,3,10,13
,Nov - 2024,4,11,15
,Dec - 2024,1,10,11
520 - Weapon Law Violations,Jan - 2019,6,"1,000","1,006"
,Feb - 2019,5,927,932
,Mar - 2019,15,"1,051","1,066"
,Apr - 2019,6,"1,021","1,027"
,May - 2019,13,"1,004","1,017"
,Jun - 2019,8,"1,049","1,057"
,Jul - 2019,7,"1,047","1,054"
,Aug - 2019,10,"1,172","1,182"
,Sep - 2019,7,"1,104","1,111"
,Oct - 2019,7,"1,036","1,043"
,Nov - 2019,4,"1,095","1,099"
,Dec - 2019,14,"1,147","1,161"
,Jan - 2020,6,"1,305","1,311"
,Feb - 2020,10,"1,313","1,323"
,Mar - 2020,9,"1,433","1,442"
,Apr - 2020,11,"1,305","1,316"
,May - 2020,1,"1,907","1,908"
,Jun - 2020,8,"1,588","1,596"
,Jul - 2020,6,"1,598","1,604"
,Aug - 2020,4,"2,019","2,023"
,Sep - 2020,18,"1,983","2,001"
,Oct - 2020,12,"2,229","2,241"
,Nov - 2020,21,"2,288","2,309"
,Dec - 2020,17,"2,308","2,325"
,Jan - 2021,19,"2,628","2,647"
,Feb - 2021,12,"2,078","2,090"
,Mar - 2021,27,"2,961","2,988"
,Apr - 2021,11,"2,817","2,828"
,May - 2021,16,"2,956","2,972"
,Jun - 2021,15,"2,870","2,885"
,Jul - 2021,13,"2,953","2,966"
,Aug - 2021,14,"2,908","2,922"
,Sep - 2021,14,"2,769","2,783"
,Oct - 2021,22,"2,910","2,932"
,Nov - 2021,18,"2,757","2,775"
,Dec - 2021,10,"3,011","3,021"
,Jan - 2022,13,"3,000","3,013"
,Feb - 2022,22,"2,764","2,786"
,Mar - 2022,12,"3,298","3,310"
,Apr - 2022,21,"3,297","3,318"
,May - 2022,16,"3,247","3,263"
,Jun - 2022,15,"2,988","3,003"
,Jul - 2022,21,"3,144","3,165"
,Aug - 2022,13,"2,991","3,004"
,Sep - 2022,15,"2,837","2,852"
,Oct - 2022,13,"2,940","2,953"
,Nov - 2022,11,"2,663","2,674"
,Dec - 2022,16,"2,780","2,796"
,Jan - 2023,21,"3,055","3,076"
,Feb - 2023,17,"2,715","2,732"
,Mar - 2023,16,"3,145","3,161"
,Apr - 2023,14,"3,010","3,024"
,May - 2023,10,"2,994","3,004"
,Jun - 2023,12,"2,805","2,817"
,Jul - 2023,11,"2,909","2,920"
,Aug - 2023,13,"2,615","2,628"
,Sep - 2023,11,"2,566","2,577"
,Oct - 2023,17,"2,491","2,508"
,Nov - 2023,11,"2,401","2,412"
,Dec - 2023,11,"2,610","2,621"
,Jan - 2024,18,"2,537","2,555"
,Feb - 2024,19,"2,676","2,695"
,Mar - 2024,17,"2,842","2,859"
,Apr - 2024,23,"2,765","2,788"
,May - 2024,17,"2,648","2,665"
,Jun - 2024,15,"2,687","2,702"
,Jul - 2024,13,"2,656","2,669"
,Aug - 2024,20,"2,621","2,641"
,Sep - 2024,9,"2,541","2,550"
,Oct - 2024,13,"2,614","2,627"
,Nov - 2024,14,"2,542","2,556"
,Dec - 2024,14,"2,508","2,522"
"64A - Human Trafficking, Commercial Sex Acts",Jan - 2019,1,29,30
,Feb - 2019,9,39,48
,Mar - 2019,,17,17
,Apr - 2019,,22,22
,May - 2019,2,23,25
,Jun - 2019,3,26,29
,Jul - 2019,1,16,17
,Aug - 2019,2,13,15
,Sep - 2019,2,34,36
,Oct - 2019,1,21,22
,Nov - 2019,,16,16
,Dec - 2019,,11,11
,Jan - 2020,1,18,19
,Feb - 2020,4,26,30
,Mar - 2020,2,29,31
,Apr - 2020,,14,14
,May - 2020,4,33,37
,Jun - 2020,1,26,27
,Jul - 2020,3,23,26
,Aug - 2020,3,34,37
,Sep - 2020,2,31,33
,Oct - 2020,1,26,27
,Nov - 2020,3,25,28
,Dec - 2020,,52,52
,Jan - 2021,2,47,49
,Feb - 2021,1,38,39
,Mar - 2021,2,30,32
,Apr - 2021,1,21,22
,May - 2021,,32,32
,Jun - 2021,4,35,39
,Jul - 2021,5,29,34
,Aug - 2021,4,22,26
,Sep - 2021,4,26,30
,Oct - 2021,4,32,36
,Nov - 2021,2,14,16
,Dec - 2021,3,20,23
,Jan - 2022,3,31,34
,Feb - 2022,2,20,22
,Mar - 2022,4,28,32
,Apr - 2022,4,22,26
,May - 2022,1,26,27
,Jun - 2022,6,36,42
,Jul - 2022,6,33,39
,Aug - 2022,8,40,48
,Sep - 2022,3,17,20
,Oct - 2022,7,42,49
,Nov - 2022,3,36,39
,Dec - 2022,,28,28
,Jan - 2023,,35,35
,Feb - 2023,1,24,25
,Mar - 2023,2,36,38
,Apr - 2023,,22,22
,May - 2023,1,42,43
,Jun - 2023,1,30,31
,Jul - 2023,4,33,37
,Aug - 2023,1,38,39
,Sep - 2023,2,24,26
,Oct - 2023,2,24,26
,Nov - 2023,,29,29
,Dec - 2023,1,28,29
,Jan - 2024,2,41,43
,Feb - 2024,1,35,36
,Mar - 2024,1,26,27
,Apr - 2024,,35,35
,May - 2024,3,32,35
,Jun - 2024,,44,44
,Jul - 2024,4,47,51
,Aug - 2024,3,37,40
,Sep - 2024,2,32,34
,Oct - 2024,,31,31
,Nov - 2024,5,27,32
,Dec - 2024,1,17,18
"64B - Human Trafficking, Involuntary Servitude",Jan - 2019,,,0
,Feb - 2019,,3,3
,Mar - 2019,,1,1
,Apr - 2019,,4,4
,May - 2019,,3,3
,Jun - 2019,,2,2
,Jul - 2019,,7,7
,Aug - 2019,1,3,4
,Sep - 2019,1,47,48
,Oct - 2019,,7,7
,Nov - 2019,1,4,5
,Dec - 2019,,2,2
,Jan - 2020,,7,7
,Feb - 2020,,10,10
,Mar - 2020,,8,8
,Apr - 2020,,6,6
,May - 2020,,10,10
,Jun - 2020,,5,5
,Jul - 2020,,7,7
,Aug - 2020,3,7,10
,Sep - 2020,,7,7
,Oct - 2020,1,5,6
,Nov - 2020,,2,2
,Dec - 2020,,4,4
,Jan - 2021,,6,6
,Feb - 2021,1,7,8
,Mar - 2021,1,17,18
,Apr - 2021,1,27,28
,May - 2021,2,21,23
,Jun - 2021,,15,15
,Jul - 2021,3,4,7
,Aug - 2021,,15,15
,Sep - 2021,1,16,17
,Oct - 2021,5,15,20
,Nov - 2021,,4,4
,Dec - 2021,1,33,34
,Jan - 2022,3,18,21
,Feb - 2022,,8,8
,Mar - 2022,3,19,22
,Apr - 2022,1,13,14
,May - 2022,2,29,31
,Jun - 2022,,26,26
,Jul - 2022,3,16,19
,Aug - 2022,,7,7
,Sep - 2022,3,19,22
,Oct - 2022,3,39,42
,Nov - 2022,1,5,6
,Dec - 2022,1,14,15
,Jan - 2023,,20,20
,Feb - 2023,,26,26
,Mar - 2023,,32,32
,Apr - 2023,1,21,22
,May - 2023,,16,16
,Jun - 2023,,11,11
,Jul - 2023,2,16,18
,Aug - 2023,,23,23
,Sep - 2023,1,11,12
,Oct - 2023,,9,9
,Nov - 2023,1,15,16
,Dec - 2023,,4,4
,Jan - 2024,2,14,16
,Feb - 2024,,8,8
,Mar - 2024,1,16,17
,Apr - 2024,3,16,19
,May - 2024,1,9,10
,Jun - 2024,1,6,7
,Jul - 2024,,12,12
,Aug - 2024,1,16,17
,Sep - 2024,,11,11
,Oct - 2024,,14,14
,Nov - 2024,,15,15
,Dec - 2024,,8,8
720 - Animal Cruelty,Jan - 2019,2,92,94
,Feb - 2019,5,79,84
,Mar - 2019,2,107,109
,Apr - 2019,5,69,74
,May - 2019,4,113,117
,Jun - 2019,7,103,110
,Jul - 2019,,147,147
,Aug - 2019,6,145,151
,Sep - 2019,6,118,124
,Oct - 2019,5,142,147
,Nov - 2019,6,150,156
,Dec - 2019,6,117,123
,Jan - 2020,7,141,148
,Feb - 2020,8,170,178
,Mar - 2020,7,186,193
,Apr - 2020,7,153,160
,May - 2020,2,213,215
,Jun - 2020,6,166,172
,Jul - 2020,5,188,193
,Aug - 2020,8,187,195
,Sep - 2020,11,160,171
,Oct - 2020,3,170,173
,Nov - 2020,6,190,196
,Dec - 2020,5,188,193
,Jan - 2021,2,203,205
,Feb - 2021,11,263,274
,Mar - 2021,3,224,227
,Apr - 2021,7,232,239
,May - 2021,6,239,245
,Jun - 2021,10,314,324
,Jul - 2021,7,276,283
,Aug - 2021,9,258,267
,Sep - 2021,10,250,260
,Oct - 2021,3,220,223
,Nov - 2021,6,250,256
,Dec - 2021,4,224,228
,Jan - 2022,1,258,259
,Feb - 2022,12,257,269
,Mar - 2022,6,279,285
,Apr - 2022,3,265,268
,May - 2022,12,291,303
,Jun - 2022,10,328,338
,Jul - 2022,11,333,344
,Aug - 2022,5,310,315
,Sep - 2022,2,285,287
,Oct - 2022,4,290,294
,Nov - 2022,5,248,253
,Dec - 2022,6,254,260
,Jan - 2023,6,264,270
,Feb - 2023,7,232,239
,Mar - 2023,4,268,272
,Apr - 2023,10,265,275
,May - 2023,3,298,301
,Jun - 2023,6,332,338
,Jul - 2023,5,282,287
,Aug - 2023,4,346,350
,Sep - 2023,3,275,278
,Oct - 2023,5,260,265
,Nov - 2023,2,267,269
,Dec - 2023,6,235,241
,Jan - 2024,10,318,328
,Feb - 2024,4,268,272
,Mar - 2024,4,271,275
,Apr - 2024,3,295,298
,May - 2024,3,307,310
,Jun - 2024,4,376,380
,Jul - 2024,14,325,339
,Aug - 2024,8,395,403
,Sep - 2024,7,294,301
,Oct - 2024,9,340,349
,Nov - 2024,3,285,288
,Dec - 2024,1,259,260
Sub Total,Jan - 2019,"1,912","73,651","75,563"
,Feb - 2019,"1,606","66,876","68,482"
,Mar - 2019,"1,831","75,787","77,618"
,Apr - 2019,"1,730","76,869","78,599"
,May - 2019,"2,057","85,936","87,993"
,Jun - 2019,"1,965","81,051","83,016"
,Jul - 2019,"2,164","86,262","88,426"
,Aug - 2019,"2,169","89,114","91,283"
,Sep - 2019,"2,114","89,645","91,759"
,Oct - 2019,"2,405","91,675","94,080"
,Nov - 2019,"2,226","87,935","90,161"
,Dec - 2019,"2,357","92,357","94,714"
,Jan - 2020,"2,282","97,844","100,126"
,Feb - 2020,"2,427","99,598","102,025"
,Mar - 2020,"2,415","100,992","103,407"
,Apr - 2020,"2,373","91,419","93,792"
,May - 2020,"2,474","106,377","108,851"
,Jun - 2020,"2,437","105,062","107,499"
,Jul - 2020,"2,318","105,967","108,285"
,Aug - 2020,"2,432","113,877","116,309"
,Sep - 2020,"2,481","109,197","111,678"
,Oct - 2020,"2,509","116,356","118,865"
,Nov - 2020,"2,940","122,979","125,919"
,Dec - 2020,"3,087","125,858","128,945"
,Jan - 2021,"2,895","132,416","135,311"
,Feb - 2021,"2,542","111,847","114,389"
,Mar - 2021,"3,096","138,229","141,325"
,Apr - 2021,"3,026","138,232","141,258"
,May - 2021,"3,037","140,233","143,270"
,Jun - 2021,"2,690","135,253","137,943"
,Jul - 2021,"2,905","139,270","142,175"
,Aug - 2021,"3,150","138,523","141,673"
,Sep - 2021,"2,866","136,639","139,505"
,Oct - 2021,"3,132","143,407","146,539"
,Nov - 2021,"3,076","133,948","137,024"
,Dec - 2021,"3,122","138,778","141,900"
,Jan - 2022,"3,032","136,730","139,762"
,Feb - 2022,"2,967","125,993","128,960"
,Mar - 2022,"3,080","145,199","148,279"
,Apr - 2022,"3,118","146,452","149,570"
,May - 2022,"3,209","151,803","155,012"
,Jun - 2022,"3,210","142,421","145,631"
,Jul - 2022,"3,568","145,435","149,003"
,Aug - 2022,"3,577","143,215","146,792"
,Sep - 2022,"3,339","140,990","144,329"
,Oct - 2022,"3,553","143,649","147,202"
,Nov - 2022,"3,371","128,605","131,976"
,Dec - 2022,"3,641","133,309","136,950"
,Jan - 2023,"3,663","140,650","144,313"
,Feb - 2023,"3,413","127,354","130,767"
,Mar - 2023,"3,923","142,549","146,472"
,Apr - 2023,"4,195","139,820","144,015"
,May - 2023,"4,551","145,761","150,312"
,Jun - 2023,"4,912","140,116","145,028"
,Jul - 2023,"5,507","143,121","148,628"
,Aug - 2023,"5,030","140,570","145,600"
,Sep - 2023,"4,703","139,012","143,715"
,Oct - 2023,"5,290","141,242","146,532"
,Nov - 2023,"5,053","131,351","136,404"
,Dec - 2023,"4,848","134,688","139,536"
,Jan - 2024,"4,870","132,493","137,363"
,Feb - 2024,"4,355","130,528","134,883"
,Mar - 2024,"4,613","137,835","142,448"
,Apr - 2024,"4,508","140,729","145,237"
,May - 2024,"4,392","144,335","148,727"
,Jun - 2024,"4,184","134,995","139,179"
,Jul - 2024,"4,450","135,619","140,069"
,Aug - 2024,"4,058","138,163","142,221"
,Sep - 2024,"3,952","135,323","139,275"
,Oct - 2024,"4,033","137,870","141,903"
,Nov - 2024,"3,754","127,174","130,928"
,Dec - 2024,"3,842","128,325","132,167"
Total,,"236,012","8,892,883","9,128,895"